-- phpMyAdmin SQL Dump
-- version 4.1.14
-- http://www.phpmyadmin.net
--
-- Host: 127.0.0.1
-- Generation Time: Oct 29, 2015 at 10:15 AM
-- Server version: 5.6.17
-- PHP Version: 5.5.12

SET SQL_MODE = "NO_AUTO_VALUE_ON_ZERO";
SET time_zone = "+00:00";


/*!40101 SET @OLD_CHARACTER_SET_CLIENT=@@CHARACTER_SET_CLIENT */;
/*!40101 SET @OLD_CHARACTER_SET_RESULTS=@@CHARACTER_SET_RESULTS */;
/*!40101 SET @OLD_COLLATION_CONNECTION=@@COLLATION_CONNECTION */;
/*!40101 SET NAMES utf8 */;

--
-- Database: `archigest`
--

-- --------------------------------------------------------

--
-- Table structure for table `articles`
--

DROP TABLE IF EXISTS `articles`;
CREATE TABLE IF NOT EXISTS `articles` (
  `id` int(11) unsigned NOT NULL AUTO_INCREMENT,
  `supplier_id` int(11) unsigned NOT NULL,
  `name` varchar(255) NOT NULL,
  `price` int(11) NOT NULL,
  `description` varchar(255) DEFAULT NULL,
  `delivery` varchar(255) NOT NULL,
  `created` datetime NOT NULL DEFAULT CURRENT_TIMESTAMP,
  `modified` datetime NOT NULL DEFAULT CURRENT_TIMESTAMP ON UPDATE CURRENT_TIMESTAMP,
  PRIMARY KEY (`id`)
) ENGINE=InnoDB  DEFAULT CHARSET=utf8 AUTO_INCREMENT=41 ;

--
-- Dumping data for table `articles`
--

INSERT INTO `articles` (`id`, `supplier_id`, `name`, `price`, `description`, `delivery`, `created`, `modified`) VALUES
(1, 1, 'Siringa tipo A', 5, 'Siringa con ago da 1mm di diametro', 'Circa due settimane dal momento dell''ordinazione.', '2015-07-09 15:20:03', '2015-07-09 15:20:03'),
(2, 2, 'Benda', 3, NULL, 'Circa due settimane dal momento dell''ordinazione.', '2015-07-09 15:20:03', '2015-07-09 15:20:03'),
(3, 3, 'Cerotti', 4, NULL, 'Circa due settimane dal momento dell''ordinazione.', '2015-07-09 15:20:03', '2015-07-09 15:20:03'),
(4, 1, 'Anestetico', 20, 'Sacca per il sangue', 'Circa due settimane dal momento dell''ordinazione.', '2015-07-09 15:20:03', '2015-07-09 15:20:03'),
(6, 3, 'Rotolo Carta', 2, NULL, 'Circa due settimane dal momento dell''ordinazione.', '2015-07-09 15:20:03', '2015-07-09 15:20:03'),
(7, 1, 'Stetoscopio', 35, NULL, 'Circa due settimane dal momento dell''ordinazione.', '2015-07-09 15:20:03', '2015-07-09 15:20:03'),
(8, 2, 'Barelle', 40, NULL, 'Circa due settimane dal momento dell''ordinazione.', '2015-07-09 15:20:03', '2015-07-09 15:20:03'),
(9, 3, 'Bisturi', 35, NULL, 'Circa due settimane dal momento dell''ordinazione.', '2015-07-09 15:20:03', '2015-07-09 15:20:03'),
(10, 1, 'Stampelle', 20, NULL, 'Circa due settimane dal momento dell''ordinazione.', '2015-07-09 15:20:03', '2015-07-09 15:20:03'),
(11, 2, 'Fascia', 6, NULL, 'Circa due settimane dal momento dell''ordinazione.', '2015-07-09 15:20:03', '2015-07-09 15:20:03'),
(12, 3, 'Lente', 10, NULL, 'Circa due settimane dal momento dell''ordinazione.', '2015-07-09 15:20:03', '2015-07-09 15:20:03'),
(13, 1, 'Siringa tipo B', 5, 'Siringa con ago da 2mm di diametro', 'Circa due settimane dal momento dell''ordinazione.', '2015-07-09 15:20:03', '2015-07-09 15:20:03'),
(14, 2, 'Siringa tipo C', 6, 'Siringa con ago da 5mm di diametro', 'Circa due settimane dal momento dell''ordinazione.', '2015-07-09 15:20:03', '2015-07-09 15:20:03'),
(15, 3, 'Guanti', 3, NULL, 'Circa due settimane dal momento dell''ordinazione.', '2015-07-09 15:20:03', '2015-07-09 15:20:03'),
(16, 1, 'Laccio Emostatico', 4, NULL, 'Circa due settimane dal momento dell''ordinazione.', '2015-07-09 15:20:03', '2015-07-09 15:20:03'),
(17, 2, 'Provette', 15, NULL, 'Circa due settimane dal momento dell''ordinazione.', '2015-07-09 15:20:03', '2015-07-09 15:20:03'),
(18, 3, 'Disinfettante', 5, NULL, 'Circa due settimane dal momento dell''ordinazione.', '2015-07-09 15:20:03', '2015-07-09 15:20:03'),
(19, 1, 'Cuffia', 2, NULL, 'Circa due settimane dal momento dell''ordinazione.', '2015-07-09 15:20:03', '2015-07-09 15:20:03'),
(20, 2, 'Camice', 22, NULL, 'Circa due settimane dal momento dell''ordinazione.', '2015-07-09 15:20:03', '2015-07-09 15:20:03'),
(22, 2, 'Sega Chirurgica', 100, '', 'Circa 2 settimane dal momento dell''acquisto.', '2015-10-19 13:07:21', '2015-10-19 13:07:21'),
(23, 1, 'Ago 1mm', 10, 'Semplice Ago di spessore 1 millimetro.', 'Circa 5 settimane dal momento dell''acquisto.', '2015-10-28 11:23:30', '2015-10-28 11:23:30'),
(24, 2, 'Lenzuolo Sanitario', 5, 'Lenzuolo anti-acari.', '2 Giorni dopo la prenotazione.', '2015-10-28 11:24:33', '2015-10-28 11:24:33'),
(25, 3, 'Bilancia Specifica', 50, '', 'Circa 5 giorni dal momento dell''ordinazione.', '2015-10-28 11:25:25', '2015-10-28 11:25:25'),
(26, 1, 'Deflussore', 80, '', 'Circa 5 giorni dal momento dell''ordinazione.', '2015-10-28 11:25:53', '2015-10-28 11:25:53'),
(27, 4, 'Disinfettante ', 2, 'Disinfettante adatto ad ogni situazione e stanza.', '2 Giorni dopo la prenotazione.', '2015-10-28 11:26:30', '2015-10-28 11:26:30'),
(28, 5, 'Spugna Medica', 1, '', '1 Giorno dopo la prenotazione', '2015-10-28 11:27:20', '2015-10-28 11:27:20'),
(29, 6, 'Carrozzina', 45, 'Carrozzina per persone disabili.', 'Circa 2 settimane dal momento dell''acquisto.', '2015-10-28 11:27:58', '2015-10-28 11:27:58'),
(30, 7, 'Stampelle', 12, '', 'Circa 5 giorni dal momento dell''ordinazione.', '2015-10-28 11:28:20', '2015-10-28 11:28:20'),
(31, 8, 'Test di Gravidanza', 6, '', 'Circa 2 settimane dal momento dell''acquisto.', '2015-10-28 11:28:54', '2015-10-28 11:28:54'),
(32, 9, 'Sfigomanometro', 70, '', '1 mese dopo l''ordinazione', '2015-10-28 11:29:28', '2015-10-28 11:29:28'),
(33, 9, 'Saturimetro', 40, '', 'Circa 3 settimane dal momento dell''acquisto.', '2015-10-28 11:29:57', '2015-10-28 11:29:57'),
(34, 10, 'Contenitore Analisi', 2, '', 'Circa 2 settimane dal momento dell''acquisto.', '2015-10-28 11:30:29', '2015-10-28 11:30:29'),
(35, 3, 'Provetta di tipo mc', 3, '', 'Circa 3 settimane dal momento dell''acquisto.', '2015-10-28 11:30:59', '2015-10-28 11:30:59'),
(36, 7, 'Camice da Chirurgo', 30, '', 'Circa 5 giorni dal momento dell''ordinazione.', '2015-10-28 11:31:25', '2015-10-28 11:31:25'),
(37, 9, 'Mascherina da protezione', 3, '', '4 Giorni dal momento dell''acquisto.', '2015-10-28 11:34:28', '2015-10-28 11:34:28'),
(38, 10, 'Tampone di tipo B', 1, '', '2 Giorni dopo la prenotazione.', '2015-10-28 11:35:08', '2015-10-28 11:35:08'),
(39, 1, 'Cinture di contenizione', 8, '', 'Circa 2 settimane dal momento dell''acquisto.', '2015-10-28 11:35:54', '2015-10-28 11:35:54'),
(40, 8, 'Immobilizzatore', 8, '', 'Circa 5 settimane dal momento dell''acquisto.', '2015-10-28 11:36:55', '2015-10-28 11:36:55');

-- --------------------------------------------------------

--
-- Table structure for table `articles_availability`
--

DROP TABLE IF EXISTS `articles_availability`;
CREATE TABLE IF NOT EXISTS `articles_availability` (
  `id` int(11) unsigned NOT NULL AUTO_INCREMENT,
  `article_id` int(11) NOT NULL,
  `availability` int(11) unsigned NOT NULL DEFAULT '0',
  `created` datetime NOT NULL DEFAULT CURRENT_TIMESTAMP,
  `modified` datetime NOT NULL DEFAULT CURRENT_TIMESTAMP ON UPDATE CURRENT_TIMESTAMP,
  PRIMARY KEY (`id`)
) ENGINE=InnoDB  DEFAULT CHARSET=utf8 AUTO_INCREMENT=21 ;

--
-- Dumping data for table `articles_availability`
--

INSERT INTO `articles_availability` (`id`, `article_id`, `availability`, `created`, `modified`) VALUES
(1, 22, 0, '2015-10-19 13:07:22', '2015-10-19 13:07:22'),
(2, 2, 5, '2015-10-19 13:35:37', '2015-10-20 08:35:37'),
(3, 23, 0, '2015-10-28 11:23:30', '2015-10-28 11:23:30'),
(4, 24, 0, '2015-10-28 11:24:33', '2015-10-28 11:24:33'),
(5, 25, 0, '2015-10-28 11:25:25', '2015-10-28 11:25:25'),
(6, 26, 0, '2015-10-28 11:25:53', '2015-10-28 11:25:53'),
(7, 27, 0, '2015-10-28 11:26:30', '2015-10-28 11:26:30'),
(8, 28, 0, '2015-10-28 11:27:20', '2015-10-28 11:27:20'),
(9, 29, 0, '2015-10-28 11:27:58', '2015-10-28 11:27:58'),
(10, 30, 0, '2015-10-28 11:28:20', '2015-10-28 11:28:20'),
(11, 31, 0, '2015-10-28 11:28:54', '2015-10-28 11:28:54'),
(12, 32, 0, '2015-10-28 11:29:28', '2015-10-28 11:29:28'),
(13, 33, 0, '2015-10-28 11:29:57', '2015-10-28 11:29:57'),
(14, 34, 0, '2015-10-28 11:30:29', '2015-10-28 11:30:29'),
(15, 35, 0, '2015-10-28 11:30:59', '2015-10-28 11:30:59'),
(16, 36, 0, '2015-10-28 11:31:25', '2015-10-28 11:31:25'),
(17, 37, 0, '2015-10-28 11:34:28', '2015-10-28 11:34:28'),
(18, 38, 0, '2015-10-28 11:35:08', '2015-10-28 11:35:08'),
(19, 39, 0, '2015-10-28 11:35:54', '2015-10-28 11:35:54'),
(20, 40, 0, '2015-10-28 11:36:55', '2015-10-28 11:36:55');

-- --------------------------------------------------------

--
-- Table structure for table `bookedexams`
--

DROP TABLE IF EXISTS `bookedexams`;
CREATE TABLE IF NOT EXISTS `bookedexams` (
  `id` int(11) unsigned NOT NULL AUTO_INCREMENT,
  `exam_id` int(11) unsigned NOT NULL,
  `date` date NOT NULL,
  `time` time NOT NULL,
  `user_id` int(11) unsigned NOT NULL,
  `medicalrecord_id` int(11) unsigned DEFAULT NULL,
  `result` varchar(255) DEFAULT NULL,
  `created` datetime NOT NULL DEFAULT CURRENT_TIMESTAMP,
  `modified` datetime NOT NULL DEFAULT CURRENT_TIMESTAMP ON UPDATE CURRENT_TIMESTAMP,
  PRIMARY KEY (`id`)
) ENGINE=InnoDB  DEFAULT CHARSET=utf8 AUTO_INCREMENT=52 ;

--
-- Dumping data for table `bookedexams`
--

INSERT INTO `bookedexams` (`id`, `exam_id`, `date`, `time`, `user_id`, `medicalrecord_id`, `result`, `created`, `modified`) VALUES
(1, 1, '2015-07-09', '13:00:00', 10, NULL, '', '2015-07-09 13:31:56', '2015-07-09 13:31:56'),
(2, 1, '2015-07-09', '14:00:00', 13, NULL, '', '2015-07-15 11:57:34', '2015-07-15 11:57:34'),
(3, 2, '2015-07-09', '13:00:00', 1, NULL, '', '2015-07-15 14:10:09', '2015-07-15 14:10:09'),
(4, 2, '2015-07-15', '17:00:00', 4, NULL, '', '2015-07-15 14:19:32', '2015-07-15 14:19:32'),
(9, 1, '2015-11-15', '10:00:00', 9, 1, NULL, '2015-10-13 09:41:16', '2015-10-19 10:37:45'),
(11, 1, '2015-11-15', '10:00:00', 10, NULL, NULL, '2015-10-13 09:43:31', '2015-10-13 09:43:31'),
(13, 1, '2015-11-15', '14:00:00', 10, NULL, NULL, '2015-10-13 12:26:15', '2015-10-13 15:01:21'),
(16, 1, '2015-11-15', '15:00:00', 10, NULL, NULL, '2015-10-13 13:32:02', '2015-10-13 13:32:02'),
(21, 2, '2015-11-15', '10:00:00', 11, 14, NULL, '2015-10-21 08:47:51', '2015-10-21 08:47:51'),
(22, 2, '2015-10-23', '15:00:00', 10, NULL, '', '2015-10-21 14:33:01', '2015-10-21 14:33:01'),
(23, 1, '2015-10-25', '15:00:00', 9, 1, '', '2015-10-21 14:33:17', '2015-10-21 14:33:17'),
(24, 1, '2015-10-23', '15:00:00', 9, 1, '', '2015-10-22 08:38:05', '2015-10-22 08:38:05'),
(44, 1, '2015-10-28', '14:00:00', 9, 1, NULL, '2015-10-26 15:07:47', '2015-10-26 15:07:47'),
(45, 1, '2015-10-29', '15:00:00', 9, 1, NULL, '2015-10-26 15:09:37', '2015-10-26 15:09:37'),
(46, 2, '2015-10-30', '09:00:00', 9, 1, NULL, '2015-10-26 15:11:25', '2015-10-26 15:11:25'),
(47, 1, '2015-11-10', '14:00:00', 15, 18, NULL, '2015-10-27 13:57:05', '2015-10-27 13:57:05'),
(48, 1, '2015-11-08', '14:00:00', 15, 18, NULL, '2015-10-27 14:00:14', '2015-10-27 14:00:14'),
(49, 1, '2015-11-08', '14:00:00', 9, 1, NULL, '2015-10-27 14:01:15', '2015-10-27 14:01:15'),
(50, 1, '2015-11-10', '14:00:00', 9, 1, NULL, '2015-10-27 14:01:37', '2015-10-27 14:01:37'),
(51, 2, '2015-11-10', '14:00:00', 11, 14, NULL, '2015-10-27 14:06:50', '2015-10-27 14:06:50');

-- --------------------------------------------------------

--
-- Table structure for table `dailyturns`
--

DROP TABLE IF EXISTS `dailyturns`;
CREATE TABLE IF NOT EXISTS `dailyturns` (
  `id` int(11) unsigned NOT NULL AUTO_INCREMENT,
  `ward_id` int(11) unsigned DEFAULT NULL,
  `turn_id` int(11) unsigned NOT NULL,
  `bookedexam_id` int(11) unsigned DEFAULT NULL,
  `time` time NOT NULL,
  `created` datetime NOT NULL DEFAULT CURRENT_TIMESTAMP,
  `modified` datetime NOT NULL DEFAULT CURRENT_TIMESTAMP ON UPDATE CURRENT_TIMESTAMP,
  PRIMARY KEY (`id`)
) ENGINE=InnoDB  DEFAULT CHARSET=utf8 AUTO_INCREMENT=627 ;

--
-- Dumping data for table `dailyturns`
--

INSERT INTO `dailyturns` (`id`, `ward_id`, `turn_id`, `bookedexam_id`, `time`, `created`, `modified`) VALUES
(259, NULL, 299, NULL, '09:00:00', '2015-10-26 09:21:48', '2015-10-26 09:21:48'),
(260, NULL, 299, NULL, '09:00:00', '2015-10-26 09:21:49', '2015-10-26 09:21:49'),
(261, NULL, 299, NULL, '09:00:00', '2015-10-26 09:21:49', '2015-10-26 09:21:49'),
(262, NULL, 299, NULL, '09:00:00', '2015-10-26 09:21:49', '2015-10-26 09:21:49'),
(263, NULL, 299, NULL, '10:00:00', '2015-10-26 09:21:49', '2015-10-26 09:21:49'),
(264, NULL, 299, NULL, '10:00:00', '2015-10-26 09:21:49', '2015-10-26 09:21:49'),
(265, NULL, 299, NULL, '10:00:00', '2015-10-26 09:21:49', '2015-10-26 09:21:49'),
(266, NULL, 299, NULL, '10:00:00', '2015-10-26 09:21:49', '2015-10-26 09:21:49'),
(267, NULL, 299, NULL, '11:00:00', '2015-10-26 09:21:49', '2015-10-26 09:21:49'),
(268, NULL, 299, NULL, '11:00:00', '2015-10-26 09:21:49', '2015-10-26 09:21:49'),
(269, NULL, 299, NULL, '11:00:00', '2015-10-26 09:21:49', '2015-10-26 09:21:49'),
(270, NULL, 299, NULL, '11:00:00', '2015-10-26 09:21:49', '2015-10-26 09:21:49'),
(271, NULL, 299, NULL, '12:00:00', '2015-10-26 09:21:49', '2015-10-26 09:21:49'),
(272, NULL, 299, NULL, '12:00:00', '2015-10-26 09:21:50', '2015-10-26 09:21:50'),
(273, NULL, 299, NULL, '12:00:00', '2015-10-26 09:21:50', '2015-10-26 09:21:50'),
(274, NULL, 299, NULL, '12:00:00', '2015-10-26 09:21:50', '2015-10-26 09:21:50'),
(275, NULL, 299, NULL, '14:00:00', '2015-10-26 09:21:50', '2015-10-26 09:21:50'),
(276, NULL, 299, NULL, '14:00:00', '2015-10-26 09:21:50', '2015-10-26 09:21:50'),
(277, NULL, 299, NULL, '14:00:00', '2015-10-26 09:21:50', '2015-10-26 09:21:50'),
(278, NULL, 299, NULL, '14:00:00', '2015-10-26 09:21:50', '2015-10-26 09:21:50'),
(279, NULL, 299, NULL, '15:00:00', '2015-10-26 09:21:50', '2015-10-26 09:21:50'),
(280, NULL, 299, NULL, '15:00:00', '2015-10-26 09:21:50', '2015-10-26 09:21:50'),
(281, NULL, 299, NULL, '15:00:00', '2015-10-26 09:21:50', '2015-10-26 09:21:50'),
(282, NULL, 299, NULL, '15:00:00', '2015-10-26 09:21:51', '2015-10-26 09:21:51'),
(283, NULL, 299, NULL, '16:00:00', '2015-10-26 09:21:51', '2015-10-26 09:21:51'),
(284, NULL, 299, NULL, '16:00:00', '2015-10-26 09:21:51', '2015-10-26 09:21:51'),
(285, NULL, 299, NULL, '16:00:00', '2015-10-26 09:21:51', '2015-10-26 09:21:51'),
(286, NULL, 299, NULL, '16:00:00', '2015-10-26 09:21:51', '2015-10-26 09:21:51'),
(287, NULL, 299, NULL, '17:00:00', '2015-10-26 09:21:51', '2015-10-26 09:21:51'),
(288, NULL, 299, NULL, '17:00:00', '2015-10-26 09:21:51', '2015-10-26 09:21:51'),
(289, NULL, 299, NULL, '17:00:00', '2015-10-26 09:21:51', '2015-10-26 09:21:51'),
(290, NULL, 299, NULL, '17:00:00', '2015-10-26 09:21:51', '2015-10-26 09:21:51'),
(291, NULL, 300, NULL, '09:00:00', '2015-10-26 09:21:51', '2015-10-26 09:21:51'),
(292, NULL, 300, NULL, '09:00:00', '2015-10-26 09:21:52', '2015-10-26 09:21:52'),
(293, NULL, 300, NULL, '09:00:00', '2015-10-26 09:21:52', '2015-10-26 09:21:52'),
(294, NULL, 300, NULL, '09:00:00', '2015-10-26 09:21:52', '2015-10-26 09:21:52'),
(295, NULL, 300, NULL, '10:00:00', '2015-10-26 09:21:52', '2015-10-26 09:21:52'),
(296, NULL, 300, NULL, '10:00:00', '2015-10-26 09:21:52', '2015-10-26 09:21:52'),
(297, NULL, 300, NULL, '10:00:00', '2015-10-26 09:21:52', '2015-10-26 09:21:52'),
(298, NULL, 300, NULL, '10:00:00', '2015-10-26 09:21:52', '2015-10-26 09:21:52'),
(299, NULL, 300, NULL, '11:00:00', '2015-10-26 09:21:52', '2015-10-26 09:21:52'),
(300, NULL, 300, NULL, '11:00:00', '2015-10-26 09:21:52', '2015-10-26 09:21:52'),
(301, NULL, 300, NULL, '11:00:00', '2015-10-26 09:21:52', '2015-10-26 09:21:52'),
(302, NULL, 300, NULL, '11:00:00', '2015-10-26 09:21:52', '2015-10-26 09:21:52'),
(303, NULL, 300, NULL, '12:00:00', '2015-10-26 09:21:52', '2015-10-26 09:21:52'),
(304, NULL, 300, NULL, '12:00:00', '2015-10-26 09:21:53', '2015-10-26 09:21:53'),
(305, NULL, 300, NULL, '12:00:00', '2015-10-26 09:21:53', '2015-10-26 09:21:53'),
(306, NULL, 300, NULL, '12:00:00', '2015-10-26 09:21:53', '2015-10-26 09:21:53'),
(307, NULL, 300, NULL, '14:00:00', '2015-10-26 09:21:53', '2015-10-26 09:21:53'),
(308, NULL, 300, NULL, '14:00:00', '2015-10-26 09:21:53', '2015-10-26 09:21:53'),
(309, NULL, 300, NULL, '14:00:00', '2015-10-26 09:21:53', '2015-10-26 09:21:53'),
(310, NULL, 300, NULL, '14:00:00', '2015-10-26 09:21:53', '2015-10-26 09:21:53'),
(311, NULL, 300, NULL, '15:00:00', '2015-10-26 09:21:53', '2015-10-26 09:21:53'),
(312, NULL, 300, NULL, '15:00:00', '2015-10-26 09:21:53', '2015-10-26 09:21:53'),
(313, NULL, 300, NULL, '15:00:00', '2015-10-26 09:21:53', '2015-10-26 09:21:53'),
(314, NULL, 300, NULL, '15:00:00', '2015-10-26 09:21:53', '2015-10-26 09:21:53'),
(315, NULL, 300, NULL, '16:00:00', '2015-10-26 09:21:53', '2015-10-26 09:21:53'),
(316, NULL, 300, NULL, '16:00:00', '2015-10-26 09:21:54', '2015-10-26 09:21:54'),
(317, NULL, 300, NULL, '16:00:00', '2015-10-26 09:21:54', '2015-10-26 09:21:54'),
(318, NULL, 300, NULL, '16:00:00', '2015-10-26 09:21:54', '2015-10-26 09:21:54'),
(319, NULL, 300, NULL, '17:00:00', '2015-10-26 09:21:54', '2015-10-26 09:21:54'),
(320, NULL, 300, NULL, '17:00:00', '2015-10-26 09:21:54', '2015-10-26 09:21:54'),
(321, NULL, 300, NULL, '17:00:00', '2015-10-26 09:21:54', '2015-10-26 09:21:54'),
(322, NULL, 300, NULL, '17:00:00', '2015-10-26 09:21:54', '2015-10-26 09:21:54'),
(323, NULL, 301, NULL, '09:00:00', '2015-10-26 09:21:54', '2015-10-26 09:21:54'),
(324, NULL, 301, NULL, '09:00:00', '2015-10-26 09:21:54', '2015-10-26 09:21:54'),
(325, NULL, 301, NULL, '09:00:00', '2015-10-26 09:21:54', '2015-10-26 09:21:54'),
(326, NULL, 301, NULL, '09:00:00', '2015-10-26 09:21:54', '2015-10-26 09:21:54'),
(327, NULL, 301, NULL, '10:00:00', '2015-10-26 09:21:54', '2015-10-26 09:21:54'),
(328, NULL, 301, NULL, '10:00:00', '2015-10-26 09:21:55', '2015-10-26 09:21:55'),
(329, NULL, 301, NULL, '10:00:00', '2015-10-26 09:21:55', '2015-10-26 09:21:55'),
(330, NULL, 301, NULL, '10:00:00', '2015-10-26 09:21:55', '2015-10-26 09:21:55'),
(331, NULL, 301, NULL, '11:00:00', '2015-10-26 09:21:55', '2015-10-26 09:21:55'),
(332, NULL, 301, NULL, '11:00:00', '2015-10-26 09:21:55', '2015-10-26 09:21:55'),
(333, NULL, 301, NULL, '11:00:00', '2015-10-26 09:21:55', '2015-10-26 09:21:55'),
(334, NULL, 301, NULL, '11:00:00', '2015-10-26 09:21:55', '2015-10-26 09:21:55'),
(335, NULL, 301, NULL, '12:00:00', '2015-10-26 09:21:55', '2015-10-26 09:21:55'),
(336, NULL, 301, NULL, '12:00:00', '2015-10-26 09:21:55', '2015-10-26 09:21:55'),
(337, NULL, 301, NULL, '12:00:00', '2015-10-26 09:21:55', '2015-10-26 09:21:55'),
(338, NULL, 301, NULL, '12:00:00', '2015-10-26 09:21:55', '2015-10-26 09:21:55'),
(339, NULL, 301, NULL, '14:00:00', '2015-10-26 09:21:55', '2015-10-26 09:21:55'),
(340, NULL, 301, NULL, '14:00:00', '2015-10-26 09:21:55', '2015-10-26 09:21:55'),
(341, 1, 301, 44, '14:00:00', '2015-10-26 09:21:56', '2015-10-26 15:07:47'),
(342, NULL, 301, NULL, '14:00:00', '2015-10-26 09:21:56', '2015-10-26 09:21:56'),
(343, NULL, 301, NULL, '15:00:00', '2015-10-26 09:21:56', '2015-10-26 09:21:56'),
(344, NULL, 301, NULL, '15:00:00', '2015-10-26 09:21:56', '2015-10-26 09:21:56'),
(345, NULL, 301, NULL, '15:00:00', '2015-10-26 09:21:56', '2015-10-26 09:21:56'),
(346, NULL, 301, NULL, '15:00:00', '2015-10-26 09:21:56', '2015-10-26 09:21:56'),
(347, NULL, 301, NULL, '16:00:00', '2015-10-26 09:21:56', '2015-10-26 09:21:56'),
(348, NULL, 301, NULL, '16:00:00', '2015-10-26 09:21:56', '2015-10-26 09:21:56'),
(349, NULL, 301, NULL, '16:00:00', '2015-10-26 09:21:56', '2015-10-26 09:21:56'),
(350, NULL, 301, NULL, '16:00:00', '2015-10-26 09:21:56', '2015-10-26 09:21:56'),
(351, NULL, 301, NULL, '17:00:00', '2015-10-26 09:21:56', '2015-10-26 09:21:56'),
(352, NULL, 301, NULL, '17:00:00', '2015-10-26 09:21:56', '2015-10-26 09:21:56'),
(353, NULL, 301, NULL, '17:00:00', '2015-10-26 09:21:56', '2015-10-26 09:21:56'),
(354, NULL, 301, NULL, '17:00:00', '2015-10-26 09:21:57', '2015-10-26 09:21:57'),
(355, NULL, 302, NULL, '09:00:00', '2015-10-26 09:25:19', '2015-10-26 09:25:19'),
(356, NULL, 302, NULL, '09:00:00', '2015-10-26 09:25:19', '2015-10-26 09:25:19'),
(357, NULL, 302, NULL, '09:00:00', '2015-10-26 09:25:19', '2015-10-26 09:25:19'),
(358, NULL, 302, NULL, '09:00:00', '2015-10-26 09:25:19', '2015-10-26 09:25:19'),
(359, NULL, 302, NULL, '10:00:00', '2015-10-26 09:25:20', '2015-10-26 09:25:20'),
(360, NULL, 302, NULL, '10:00:00', '2015-10-26 09:25:20', '2015-10-26 09:25:20'),
(361, NULL, 302, NULL, '10:00:00', '2015-10-26 09:25:20', '2015-10-26 09:25:20'),
(362, NULL, 302, NULL, '10:00:00', '2015-10-26 09:25:20', '2015-10-26 09:25:20'),
(363, NULL, 302, NULL, '11:00:00', '2015-10-26 09:25:20', '2015-10-26 09:25:20'),
(364, NULL, 302, NULL, '11:00:00', '2015-10-26 09:25:20', '2015-10-26 09:25:20'),
(365, NULL, 302, NULL, '11:00:00', '2015-10-26 09:25:20', '2015-10-26 09:25:20'),
(366, NULL, 302, NULL, '11:00:00', '2015-10-26 09:25:20', '2015-10-26 09:25:20'),
(367, NULL, 302, NULL, '12:00:00', '2015-10-26 09:25:20', '2015-10-26 09:25:20'),
(368, NULL, 302, NULL, '12:00:00', '2015-10-26 09:25:20', '2015-10-26 09:25:20'),
(369, NULL, 302, NULL, '12:00:00', '2015-10-26 09:25:20', '2015-10-26 09:25:20'),
(370, NULL, 302, NULL, '12:00:00', '2015-10-26 09:25:20', '2015-10-26 09:25:20'),
(371, NULL, 302, NULL, '14:00:00', '2015-10-26 09:25:20', '2015-10-26 09:25:20'),
(372, NULL, 302, NULL, '14:00:00', '2015-10-26 09:25:21', '2015-10-26 09:25:21'),
(373, NULL, 302, NULL, '14:00:00', '2015-10-26 09:25:21', '2015-10-26 09:25:21'),
(374, NULL, 302, NULL, '14:00:00', '2015-10-26 09:25:21', '2015-10-26 09:25:21'),
(375, NULL, 302, NULL, '15:00:00', '2015-10-26 09:25:21', '2015-10-26 09:25:21'),
(376, 1, 302, 45, '15:00:00', '2015-10-26 09:25:21', '2015-10-26 15:09:37'),
(377, NULL, 302, NULL, '15:00:00', '2015-10-26 09:25:21', '2015-10-26 09:25:21'),
(378, NULL, 302, NULL, '15:00:00', '2015-10-26 09:25:21', '2015-10-26 09:25:21'),
(379, NULL, 302, NULL, '16:00:00', '2015-10-26 09:25:21', '2015-10-26 09:25:21'),
(380, NULL, 302, NULL, '16:00:00', '2015-10-26 09:25:21', '2015-10-26 09:25:21'),
(381, NULL, 302, NULL, '16:00:00', '2015-10-26 09:25:21', '2015-10-26 09:25:21'),
(382, NULL, 302, NULL, '16:00:00', '2015-10-26 09:25:21', '2015-10-26 09:25:21'),
(383, NULL, 302, NULL, '17:00:00', '2015-10-26 09:25:22', '2015-10-26 09:25:22'),
(384, NULL, 302, NULL, '17:00:00', '2015-10-26 09:25:22', '2015-10-26 09:25:22'),
(385, NULL, 302, NULL, '17:00:00', '2015-10-26 09:25:22', '2015-10-26 09:25:22'),
(386, NULL, 302, NULL, '17:00:00', '2015-10-26 09:25:22', '2015-10-26 09:25:22'),
(387, NULL, 303, NULL, '09:00:00', '2015-10-26 10:18:51', '2015-10-26 10:18:51'),
(388, NULL, 303, NULL, '09:00:00', '2015-10-26 10:18:51', '2015-10-26 10:18:51'),
(389, NULL, 303, NULL, '09:00:00', '2015-10-26 10:18:51', '2015-10-26 10:18:51'),
(390, 3, 303, 46, '09:00:00', '2015-10-26 10:18:51', '2015-10-26 15:11:26'),
(391, NULL, 303, NULL, '10:00:00', '2015-10-26 10:18:51', '2015-10-26 10:18:51'),
(392, NULL, 303, NULL, '10:00:00', '2015-10-26 10:18:51', '2015-10-26 10:18:51'),
(393, NULL, 303, NULL, '10:00:00', '2015-10-26 10:18:51', '2015-10-26 10:18:51'),
(394, NULL, 303, NULL, '10:00:00', '2015-10-26 10:18:51', '2015-10-26 10:18:51'),
(395, NULL, 303, NULL, '11:00:00', '2015-10-26 10:18:51', '2015-10-26 10:18:51'),
(396, NULL, 303, NULL, '11:00:00', '2015-10-26 10:18:51', '2015-10-26 10:18:51'),
(397, NULL, 303, NULL, '11:00:00', '2015-10-26 10:18:52', '2015-10-26 10:18:52'),
(398, NULL, 303, NULL, '11:00:00', '2015-10-26 10:18:52', '2015-10-26 10:18:52'),
(399, NULL, 303, NULL, '12:00:00', '2015-10-26 10:18:52', '2015-10-26 10:18:52'),
(400, NULL, 303, NULL, '12:00:00', '2015-10-26 10:18:52', '2015-10-26 10:18:52'),
(401, NULL, 303, NULL, '12:00:00', '2015-10-26 10:18:52', '2015-10-26 10:18:52'),
(402, NULL, 303, NULL, '12:00:00', '2015-10-26 10:18:52', '2015-10-26 10:18:52'),
(403, NULL, 303, NULL, '14:00:00', '2015-10-26 10:18:52', '2015-10-26 10:18:52'),
(404, NULL, 303, NULL, '14:00:00', '2015-10-26 10:18:52', '2015-10-26 10:18:52'),
(405, NULL, 303, NULL, '14:00:00', '2015-10-26 10:18:52', '2015-10-26 10:18:52'),
(406, NULL, 303, NULL, '14:00:00', '2015-10-26 10:18:52', '2015-10-26 10:18:52'),
(407, NULL, 303, NULL, '15:00:00', '2015-10-26 10:18:52', '2015-10-26 10:18:52'),
(408, NULL, 303, NULL, '15:00:00', '2015-10-26 10:18:52', '2015-10-26 10:18:52'),
(409, NULL, 303, NULL, '15:00:00', '2015-10-26 10:18:53', '2015-10-26 10:18:53'),
(410, NULL, 303, NULL, '15:00:00', '2015-10-26 10:18:53', '2015-10-26 10:18:53'),
(411, NULL, 303, NULL, '16:00:00', '2015-10-26 10:18:53', '2015-10-26 10:18:53'),
(412, NULL, 303, NULL, '16:00:00', '2015-10-26 10:18:53', '2015-10-26 10:18:53'),
(413, NULL, 303, NULL, '16:00:00', '2015-10-26 10:18:53', '2015-10-26 10:18:53'),
(414, NULL, 303, NULL, '16:00:00', '2015-10-26 10:18:53', '2015-10-26 10:18:53'),
(415, NULL, 303, NULL, '17:00:00', '2015-10-26 10:18:53', '2015-10-26 10:18:53'),
(416, NULL, 303, NULL, '17:00:00', '2015-10-26 10:18:53', '2015-10-26 10:18:53'),
(417, NULL, 303, NULL, '17:00:00', '2015-10-26 10:18:53', '2015-10-26 10:18:53'),
(418, NULL, 303, NULL, '17:00:00', '2015-10-26 10:18:53', '2015-10-26 10:18:53'),
(419, NULL, 304, NULL, '09:00:00', '2015-10-26 10:18:53', '2015-10-26 10:18:53'),
(420, NULL, 304, NULL, '09:00:00', '2015-10-26 10:18:54', '2015-10-26 10:18:54'),
(421, NULL, 304, NULL, '09:00:00', '2015-10-26 10:18:54', '2015-10-26 10:18:54'),
(422, NULL, 304, NULL, '09:00:00', '2015-10-26 10:18:54', '2015-10-26 10:18:54'),
(423, NULL, 304, NULL, '10:00:00', '2015-10-26 10:18:54', '2015-10-26 10:18:54'),
(424, NULL, 304, NULL, '10:00:00', '2015-10-26 10:18:54', '2015-10-26 10:18:54'),
(425, NULL, 304, NULL, '10:00:00', '2015-10-26 10:18:54', '2015-10-26 10:18:54'),
(426, NULL, 304, NULL, '10:00:00', '2015-10-26 10:18:54', '2015-10-26 10:18:54'),
(427, NULL, 304, NULL, '11:00:00', '2015-10-26 10:18:54', '2015-10-26 10:18:54'),
(428, NULL, 304, NULL, '11:00:00', '2015-10-26 10:18:54', '2015-10-26 10:18:54'),
(429, NULL, 304, NULL, '11:00:00', '2015-10-26 10:18:54', '2015-10-26 10:18:54'),
(430, NULL, 304, NULL, '11:00:00', '2015-10-26 10:18:54', '2015-10-26 10:18:54'),
(431, NULL, 304, NULL, '12:00:00', '2015-10-26 10:18:54', '2015-10-26 10:18:54'),
(432, NULL, 304, NULL, '12:00:00', '2015-10-26 10:18:55', '2015-10-26 10:18:55'),
(433, NULL, 304, NULL, '12:00:00', '2015-10-26 10:18:55', '2015-10-26 10:18:55'),
(434, NULL, 304, NULL, '12:00:00', '2015-10-26 10:18:55', '2015-10-26 10:18:55'),
(435, NULL, 304, NULL, '14:00:00', '2015-10-26 10:18:55', '2015-10-26 10:18:55'),
(436, NULL, 304, NULL, '14:00:00', '2015-10-26 10:18:55', '2015-10-26 10:18:55'),
(437, NULL, 304, NULL, '14:00:00', '2015-10-26 10:18:55', '2015-10-26 10:18:55'),
(438, NULL, 304, NULL, '14:00:00', '2015-10-26 10:18:55', '2015-10-26 10:18:55'),
(439, NULL, 304, NULL, '15:00:00', '2015-10-26 10:18:55', '2015-10-26 10:18:55'),
(440, NULL, 304, NULL, '15:00:00', '2015-10-26 10:18:55', '2015-10-26 10:18:55'),
(441, NULL, 304, NULL, '15:00:00', '2015-10-26 10:18:55', '2015-10-26 10:18:55'),
(442, NULL, 304, NULL, '15:00:00', '2015-10-26 10:18:55', '2015-10-26 10:18:55'),
(443, NULL, 304, NULL, '16:00:00', '2015-10-26 10:18:56', '2015-10-26 10:18:56'),
(444, NULL, 304, NULL, '16:00:00', '2015-10-26 10:18:56', '2015-10-26 10:18:56'),
(445, NULL, 304, NULL, '16:00:00', '2015-10-26 10:18:56', '2015-10-26 10:18:56'),
(446, NULL, 304, NULL, '16:00:00', '2015-10-26 10:18:56', '2015-10-26 10:18:56'),
(447, NULL, 304, NULL, '17:00:00', '2015-10-26 10:18:56', '2015-10-26 10:18:56'),
(448, NULL, 304, NULL, '17:00:00', '2015-10-26 10:18:56', '2015-10-26 10:18:56'),
(449, NULL, 304, NULL, '17:00:00', '2015-10-26 10:18:56', '2015-10-26 10:18:56'),
(450, NULL, 304, NULL, '17:00:00', '2015-10-26 10:18:56', '2015-10-26 10:18:56'),
(451, NULL, 305, NULL, '09:00:00', '2015-10-26 10:18:56', '2015-10-26 10:18:56'),
(452, NULL, 305, NULL, '09:00:00', '2015-10-26 10:18:56', '2015-10-26 10:18:56'),
(453, NULL, 305, NULL, '09:00:00', '2015-10-26 10:18:56', '2015-10-26 10:18:56'),
(454, NULL, 305, NULL, '09:00:00', '2015-10-26 10:18:57', '2015-10-26 10:18:57'),
(455, NULL, 305, NULL, '10:00:00', '2015-10-26 10:18:57', '2015-10-26 10:18:57'),
(456, NULL, 305, NULL, '10:00:00', '2015-10-26 10:18:57', '2015-10-26 10:18:57'),
(457, NULL, 305, NULL, '10:00:00', '2015-10-26 10:18:57', '2015-10-26 10:18:57'),
(458, NULL, 305, NULL, '10:00:00', '2015-10-26 10:18:57', '2015-10-26 10:18:57'),
(459, NULL, 305, NULL, '11:00:00', '2015-10-26 10:18:57', '2015-10-26 10:18:57'),
(460, NULL, 305, NULL, '11:00:00', '2015-10-26 10:18:57', '2015-10-26 10:18:57'),
(461, NULL, 305, NULL, '11:00:00', '2015-10-26 10:18:57', '2015-10-26 10:18:57'),
(462, NULL, 305, NULL, '11:00:00', '2015-10-26 10:18:57', '2015-10-26 10:18:57'),
(463, NULL, 305, NULL, '12:00:00', '2015-10-26 10:18:57', '2015-10-26 10:18:57'),
(464, NULL, 305, NULL, '12:00:00', '2015-10-26 10:18:57', '2015-10-26 10:18:57'),
(465, NULL, 305, NULL, '12:00:00', '2015-10-26 10:18:57', '2015-10-26 10:18:57'),
(466, NULL, 305, NULL, '12:00:00', '2015-10-26 10:18:57', '2015-10-26 10:18:57'),
(467, NULL, 305, NULL, '14:00:00', '2015-10-26 10:18:58', '2015-10-26 10:18:58'),
(468, NULL, 305, NULL, '14:00:00', '2015-10-26 10:18:58', '2015-10-26 10:18:58'),
(469, NULL, 305, NULL, '14:00:00', '2015-10-26 10:18:58', '2015-10-26 10:18:58'),
(470, NULL, 305, NULL, '14:00:00', '2015-10-26 10:18:58', '2015-10-26 10:18:58'),
(471, NULL, 305, NULL, '15:00:00', '2015-10-26 10:18:58', '2015-10-26 10:18:58'),
(472, NULL, 305, NULL, '15:00:00', '2015-10-26 10:18:58', '2015-10-26 10:18:58'),
(473, NULL, 305, NULL, '15:00:00', '2015-10-26 10:18:58', '2015-10-26 10:18:58'),
(474, NULL, 305, NULL, '15:00:00', '2015-10-26 10:18:58', '2015-10-26 10:18:58'),
(475, NULL, 305, NULL, '16:00:00', '2015-10-26 10:18:58', '2015-10-26 10:18:58'),
(476, NULL, 305, NULL, '16:00:00', '2015-10-26 10:18:58', '2015-10-26 10:18:58'),
(477, NULL, 305, NULL, '16:00:00', '2015-10-26 10:18:58', '2015-10-26 10:18:58'),
(478, NULL, 305, NULL, '16:00:00', '2015-10-26 10:18:58', '2015-10-26 10:18:58'),
(479, NULL, 305, NULL, '17:00:00', '2015-10-26 10:18:59', '2015-10-26 10:18:59'),
(480, NULL, 305, NULL, '17:00:00', '2015-10-26 10:18:59', '2015-10-26 10:18:59'),
(481, NULL, 305, NULL, '17:00:00', '2015-10-26 10:18:59', '2015-10-26 10:18:59'),
(482, NULL, 305, NULL, '17:00:00', '2015-10-26 10:18:59', '2015-10-26 10:18:59'),
(483, NULL, 306, NULL, '09:00:00', '2015-10-26 10:18:59', '2015-10-26 10:18:59'),
(484, NULL, 306, NULL, '09:00:00', '2015-10-26 10:18:59', '2015-10-26 10:18:59'),
(485, NULL, 306, NULL, '09:00:00', '2015-10-26 10:18:59', '2015-10-26 10:18:59'),
(486, NULL, 306, NULL, '09:00:00', '2015-10-26 10:18:59', '2015-10-26 10:18:59'),
(487, NULL, 306, NULL, '10:00:00', '2015-10-26 10:18:59', '2015-10-26 10:18:59'),
(488, NULL, 306, NULL, '10:00:00', '2015-10-26 10:18:59', '2015-10-26 10:18:59'),
(489, NULL, 306, NULL, '10:00:00', '2015-10-26 10:18:59', '2015-10-26 10:18:59'),
(490, NULL, 306, NULL, '10:00:00', '2015-10-26 10:19:00', '2015-10-26 10:19:00'),
(491, NULL, 306, NULL, '11:00:00', '2015-10-26 10:19:00', '2015-10-26 10:19:00'),
(492, NULL, 306, NULL, '11:00:00', '2015-10-26 10:19:00', '2015-10-26 10:19:00'),
(493, NULL, 306, NULL, '11:00:00', '2015-10-26 10:19:00', '2015-10-26 10:19:00'),
(494, NULL, 306, NULL, '11:00:00', '2015-10-26 10:19:00', '2015-10-26 10:19:00'),
(495, NULL, 306, NULL, '12:00:00', '2015-10-26 10:19:00', '2015-10-26 10:19:00'),
(496, NULL, 306, NULL, '12:00:00', '2015-10-26 10:19:00', '2015-10-26 10:19:00'),
(497, NULL, 306, NULL, '12:00:00', '2015-10-26 10:19:00', '2015-10-26 10:19:00'),
(498, NULL, 306, NULL, '12:00:00', '2015-10-26 10:19:00', '2015-10-26 10:19:00'),
(499, NULL, 306, NULL, '14:00:00', '2015-10-26 10:19:00', '2015-10-26 10:19:00'),
(500, NULL, 306, NULL, '14:00:00', '2015-10-26 10:19:00', '2015-10-26 10:19:00'),
(501, NULL, 306, NULL, '14:00:00', '2015-10-26 10:19:01', '2015-10-26 10:19:01'),
(502, NULL, 306, NULL, '14:00:00', '2015-10-26 10:19:01', '2015-10-26 10:19:01'),
(503, NULL, 306, NULL, '15:00:00', '2015-10-26 10:19:01', '2015-10-26 10:19:01'),
(504, NULL, 306, NULL, '15:00:00', '2015-10-26 10:19:01', '2015-10-26 10:19:01'),
(505, NULL, 306, NULL, '15:00:00', '2015-10-26 10:19:01', '2015-10-26 10:19:01'),
(506, NULL, 306, NULL, '15:00:00', '2015-10-26 10:19:01', '2015-10-26 10:19:01'),
(507, NULL, 306, NULL, '16:00:00', '2015-10-26 10:19:01', '2015-10-26 10:19:01'),
(508, NULL, 306, NULL, '16:00:00', '2015-10-26 10:19:01', '2015-10-26 10:19:01'),
(509, NULL, 306, NULL, '16:00:00', '2015-10-26 10:19:01', '2015-10-26 10:19:01'),
(510, NULL, 306, NULL, '16:00:00', '2015-10-26 10:19:01', '2015-10-26 10:19:01'),
(511, NULL, 306, NULL, '17:00:00', '2015-10-26 10:19:01', '2015-10-26 10:19:01'),
(512, NULL, 306, NULL, '17:00:00', '2015-10-26 10:19:01', '2015-10-26 10:19:01'),
(513, NULL, 306, NULL, '17:00:00', '2015-10-26 10:19:01', '2015-10-26 10:19:01'),
(514, NULL, 306, NULL, '17:00:00', '2015-10-26 10:19:02', '2015-10-26 10:19:02'),
(515, NULL, 307, NULL, '09:00:00', '2015-10-28 13:50:47', '2015-10-28 13:50:47'),
(516, NULL, 307, NULL, '09:00:00', '2015-10-28 13:50:48', '2015-10-28 13:50:48'),
(517, NULL, 307, NULL, '09:00:00', '2015-10-28 13:50:48', '2015-10-28 13:50:48'),
(518, NULL, 307, NULL, '09:00:00', '2015-10-28 13:50:48', '2015-10-28 13:50:48'),
(519, NULL, 307, NULL, '09:00:00', '2015-10-28 13:50:48', '2015-10-28 13:50:48'),
(520, NULL, 307, NULL, '09:00:00', '2015-10-28 13:50:48', '2015-10-28 13:50:48'),
(521, NULL, 307, NULL, '09:00:00', '2015-10-28 13:50:48', '2015-10-28 13:50:48'),
(522, NULL, 307, NULL, '10:00:00', '2015-10-28 13:50:48', '2015-10-28 13:50:48'),
(523, NULL, 307, NULL, '10:00:00', '2015-10-28 13:50:48', '2015-10-28 13:50:48'),
(524, NULL, 307, NULL, '10:00:00', '2015-10-28 13:50:48', '2015-10-28 13:50:48'),
(525, NULL, 307, NULL, '10:00:00', '2015-10-28 13:50:48', '2015-10-28 13:50:48'),
(526, NULL, 307, NULL, '10:00:00', '2015-10-28 13:50:48', '2015-10-28 13:50:48'),
(527, NULL, 307, NULL, '10:00:00', '2015-10-28 13:50:49', '2015-10-28 13:50:49'),
(528, NULL, 307, NULL, '10:00:00', '2015-10-28 13:50:49', '2015-10-28 13:50:49'),
(529, NULL, 307, NULL, '11:00:00', '2015-10-28 13:50:49', '2015-10-28 13:50:49'),
(530, NULL, 307, NULL, '11:00:00', '2015-10-28 13:50:49', '2015-10-28 13:50:49'),
(531, NULL, 307, NULL, '11:00:00', '2015-10-28 13:50:49', '2015-10-28 13:50:49'),
(532, NULL, 307, NULL, '11:00:00', '2015-10-28 13:50:49', '2015-10-28 13:50:49'),
(533, NULL, 307, NULL, '11:00:00', '2015-10-28 13:50:49', '2015-10-28 13:50:49'),
(534, NULL, 307, NULL, '11:00:00', '2015-10-28 13:50:49', '2015-10-28 13:50:49'),
(535, NULL, 307, NULL, '11:00:00', '2015-10-28 13:50:49', '2015-10-28 13:50:49'),
(536, NULL, 307, NULL, '12:00:00', '2015-10-28 13:50:49', '2015-10-28 13:50:49'),
(537, NULL, 307, NULL, '12:00:00', '2015-10-28 13:50:50', '2015-10-28 13:50:50'),
(538, NULL, 307, NULL, '12:00:00', '2015-10-28 13:50:50', '2015-10-28 13:50:50'),
(539, NULL, 307, NULL, '12:00:00', '2015-10-28 13:50:50', '2015-10-28 13:50:50'),
(540, NULL, 307, NULL, '12:00:00', '2015-10-28 13:50:50', '2015-10-28 13:50:50'),
(541, NULL, 307, NULL, '12:00:00', '2015-10-28 13:50:50', '2015-10-28 13:50:50'),
(542, NULL, 307, NULL, '12:00:00', '2015-10-28 13:50:50', '2015-10-28 13:50:50'),
(543, NULL, 307, NULL, '14:00:00', '2015-10-28 13:50:50', '2015-10-28 13:50:50'),
(544, NULL, 307, NULL, '14:00:00', '2015-10-28 13:50:50', '2015-10-28 13:50:50'),
(545, NULL, 307, NULL, '14:00:00', '2015-10-28 13:50:50', '2015-10-28 13:50:50'),
(546, NULL, 307, NULL, '14:00:00', '2015-10-28 13:50:50', '2015-10-28 13:50:50'),
(547, NULL, 307, NULL, '14:00:00', '2015-10-28 13:50:51', '2015-10-28 13:50:51'),
(548, NULL, 307, NULL, '14:00:00', '2015-10-28 13:50:51', '2015-10-28 13:50:51'),
(549, NULL, 307, NULL, '14:00:00', '2015-10-28 13:50:51', '2015-10-28 13:50:51'),
(550, NULL, 307, NULL, '15:00:00', '2015-10-28 13:50:51', '2015-10-28 13:50:51'),
(551, NULL, 307, NULL, '15:00:00', '2015-10-28 13:50:51', '2015-10-28 13:50:51'),
(552, NULL, 307, NULL, '15:00:00', '2015-10-28 13:50:51', '2015-10-28 13:50:51'),
(553, NULL, 307, NULL, '15:00:00', '2015-10-28 13:50:51', '2015-10-28 13:50:51'),
(554, NULL, 307, NULL, '15:00:00', '2015-10-28 13:50:51', '2015-10-28 13:50:51'),
(555, NULL, 307, NULL, '15:00:00', '2015-10-28 13:50:51', '2015-10-28 13:50:51'),
(556, NULL, 307, NULL, '15:00:00', '2015-10-28 13:50:51', '2015-10-28 13:50:51'),
(557, NULL, 307, NULL, '16:00:00', '2015-10-28 13:50:51', '2015-10-28 13:50:51'),
(558, NULL, 307, NULL, '16:00:00', '2015-10-28 13:50:52', '2015-10-28 13:50:52'),
(559, NULL, 307, NULL, '16:00:00', '2015-10-28 13:50:52', '2015-10-28 13:50:52'),
(560, NULL, 307, NULL, '16:00:00', '2015-10-28 13:50:52', '2015-10-28 13:50:52'),
(561, NULL, 307, NULL, '16:00:00', '2015-10-28 13:50:52', '2015-10-28 13:50:52'),
(562, NULL, 307, NULL, '16:00:00', '2015-10-28 13:50:52', '2015-10-28 13:50:52'),
(563, NULL, 307, NULL, '16:00:00', '2015-10-28 13:50:52', '2015-10-28 13:50:52'),
(564, NULL, 307, NULL, '17:00:00', '2015-10-28 13:50:52', '2015-10-28 13:50:52'),
(565, NULL, 307, NULL, '17:00:00', '2015-10-28 13:50:52', '2015-10-28 13:50:52'),
(566, NULL, 307, NULL, '17:00:00', '2015-10-28 13:50:52', '2015-10-28 13:50:52'),
(567, NULL, 307, NULL, '17:00:00', '2015-10-28 13:50:52', '2015-10-28 13:50:52'),
(568, NULL, 307, NULL, '17:00:00', '2015-10-28 13:50:52', '2015-10-28 13:50:52'),
(569, NULL, 307, NULL, '17:00:00', '2015-10-28 13:50:52', '2015-10-28 13:50:52'),
(570, NULL, 307, NULL, '17:00:00', '2015-10-28 13:50:53', '2015-10-28 13:50:53'),
(571, NULL, 308, NULL, '09:00:00', '2015-10-28 13:50:53', '2015-10-28 13:50:53'),
(572, NULL, 308, NULL, '09:00:00', '2015-10-28 13:50:53', '2015-10-28 13:50:53'),
(573, NULL, 308, NULL, '09:00:00', '2015-10-28 13:50:53', '2015-10-28 13:50:53'),
(574, NULL, 308, NULL, '09:00:00', '2015-10-28 13:50:53', '2015-10-28 13:50:53'),
(575, NULL, 308, NULL, '09:00:00', '2015-10-28 13:50:53', '2015-10-28 13:50:53'),
(576, NULL, 308, NULL, '09:00:00', '2015-10-28 13:50:53', '2015-10-28 13:50:53'),
(577, NULL, 308, NULL, '09:00:00', '2015-10-28 13:50:53', '2015-10-28 13:50:53'),
(578, NULL, 308, NULL, '10:00:00', '2015-10-28 13:50:53', '2015-10-28 13:50:53'),
(579, NULL, 308, NULL, '10:00:00', '2015-10-28 13:50:53', '2015-10-28 13:50:53'),
(580, NULL, 308, NULL, '10:00:00', '2015-10-28 13:50:53', '2015-10-28 13:50:53'),
(581, NULL, 308, NULL, '10:00:00', '2015-10-28 13:50:54', '2015-10-28 13:50:54'),
(582, NULL, 308, NULL, '10:00:00', '2015-10-28 13:50:54', '2015-10-28 13:50:54'),
(583, NULL, 308, NULL, '10:00:00', '2015-10-28 13:50:54', '2015-10-28 13:50:54'),
(584, NULL, 308, NULL, '10:00:00', '2015-10-28 13:50:54', '2015-10-28 13:50:54'),
(585, NULL, 308, NULL, '11:00:00', '2015-10-28 13:50:54', '2015-10-28 13:50:54'),
(586, NULL, 308, NULL, '11:00:00', '2015-10-28 13:50:54', '2015-10-28 13:50:54'),
(587, NULL, 308, NULL, '11:00:00', '2015-10-28 13:50:54', '2015-10-28 13:50:54'),
(588, NULL, 308, NULL, '11:00:00', '2015-10-28 13:50:54', '2015-10-28 13:50:54'),
(589, NULL, 308, NULL, '11:00:00', '2015-10-28 13:50:54', '2015-10-28 13:50:54'),
(590, NULL, 308, NULL, '11:00:00', '2015-10-28 13:50:54', '2015-10-28 13:50:54'),
(591, NULL, 308, NULL, '11:00:00', '2015-10-28 13:50:54', '2015-10-28 13:50:54'),
(592, NULL, 308, NULL, '12:00:00', '2015-10-28 13:50:54', '2015-10-28 13:50:54'),
(593, NULL, 308, NULL, '12:00:00', '2015-10-28 13:50:55', '2015-10-28 13:50:55'),
(594, NULL, 308, NULL, '12:00:00', '2015-10-28 13:50:55', '2015-10-28 13:50:55'),
(595, NULL, 308, NULL, '12:00:00', '2015-10-28 13:50:55', '2015-10-28 13:50:55'),
(596, NULL, 308, NULL, '12:00:00', '2015-10-28 13:50:55', '2015-10-28 13:50:55'),
(597, NULL, 308, NULL, '12:00:00', '2015-10-28 13:50:55', '2015-10-28 13:50:55'),
(598, NULL, 308, NULL, '12:00:00', '2015-10-28 13:50:55', '2015-10-28 13:50:55'),
(599, NULL, 308, NULL, '14:00:00', '2015-10-28 13:50:55', '2015-10-28 13:50:55'),
(600, NULL, 308, NULL, '14:00:00', '2015-10-28 13:50:55', '2015-10-28 13:50:55'),
(601, NULL, 308, NULL, '14:00:00', '2015-10-28 13:50:55', '2015-10-28 13:50:55'),
(602, NULL, 308, NULL, '14:00:00', '2015-10-28 13:50:55', '2015-10-28 13:50:55'),
(603, NULL, 308, NULL, '14:00:00', '2015-10-28 13:50:55', '2015-10-28 13:50:55'),
(604, NULL, 308, NULL, '14:00:00', '2015-10-28 13:50:55', '2015-10-28 13:50:55'),
(605, NULL, 308, NULL, '14:00:00', '2015-10-28 13:50:56', '2015-10-28 13:50:56'),
(606, NULL, 308, NULL, '15:00:00', '2015-10-28 13:50:56', '2015-10-28 13:50:56'),
(607, NULL, 308, NULL, '15:00:00', '2015-10-28 13:50:56', '2015-10-28 13:50:56'),
(608, NULL, 308, NULL, '15:00:00', '2015-10-28 13:50:56', '2015-10-28 13:50:56'),
(609, NULL, 308, NULL, '15:00:00', '2015-10-28 13:50:56', '2015-10-28 13:50:56'),
(610, NULL, 308, NULL, '15:00:00', '2015-10-28 13:50:56', '2015-10-28 13:50:56'),
(611, NULL, 308, NULL, '15:00:00', '2015-10-28 13:50:56', '2015-10-28 13:50:56'),
(612, NULL, 308, NULL, '15:00:00', '2015-10-28 13:50:56', '2015-10-28 13:50:56'),
(613, NULL, 308, NULL, '16:00:00', '2015-10-28 13:50:56', '2015-10-28 13:50:56'),
(614, NULL, 308, NULL, '16:00:00', '2015-10-28 13:50:56', '2015-10-28 13:50:56'),
(615, NULL, 308, NULL, '16:00:00', '2015-10-28 13:50:56', '2015-10-28 13:50:56'),
(616, NULL, 308, NULL, '16:00:00', '2015-10-28 13:50:57', '2015-10-28 13:50:57'),
(617, NULL, 308, NULL, '16:00:00', '2015-10-28 13:50:57', '2015-10-28 13:50:57'),
(618, NULL, 308, NULL, '16:00:00', '2015-10-28 13:50:57', '2015-10-28 13:50:57'),
(619, NULL, 308, NULL, '16:00:00', '2015-10-28 13:50:57', '2015-10-28 13:50:57'),
(620, NULL, 308, NULL, '17:00:00', '2015-10-28 13:50:57', '2015-10-28 13:50:57'),
(621, NULL, 308, NULL, '17:00:00', '2015-10-28 13:50:57', '2015-10-28 13:50:57'),
(622, NULL, 308, NULL, '17:00:00', '2015-10-28 13:50:57', '2015-10-28 13:50:57'),
(623, NULL, 308, NULL, '17:00:00', '2015-10-28 13:50:57', '2015-10-28 13:50:57'),
(624, NULL, 308, NULL, '17:00:00', '2015-10-28 13:50:57', '2015-10-28 13:50:57'),
(625, NULL, 308, NULL, '17:00:00', '2015-10-28 13:50:57', '2015-10-28 13:50:57'),
(626, NULL, 308, NULL, '17:00:00', '2015-10-28 13:50:57', '2015-10-28 13:50:57');

-- --------------------------------------------------------

--
-- Table structure for table `exams`
--

DROP TABLE IF EXISTS `exams`;
CREATE TABLE IF NOT EXISTS `exams` (
  `id` int(11) unsigned NOT NULL AUTO_INCREMENT,
  `ward_id` int(11) unsigned NOT NULL,
  `name` varchar(255) NOT NULL,
  `description` varchar(255) NOT NULL,
  `created` datetime NOT NULL DEFAULT CURRENT_TIMESTAMP,
  `modified` datetime NOT NULL DEFAULT CURRENT_TIMESTAMP ON UPDATE CURRENT_TIMESTAMP,
  PRIMARY KEY (`id`),
  UNIQUE KEY `name` (`name`)
) ENGINE=InnoDB  DEFAULT CHARSET=utf8 AUTO_INCREMENT=6 ;

--
-- Dumping data for table `exams`
--

INSERT INTO `exams` (`id`, `ward_id`, `name`, `description`, `created`, `modified`) VALUES
(1, 1, 'Esame del Battito Cardiaco', 'Esame del battito cardiaco che avviene tramite elettrodi.', '2015-07-09 13:27:22', '2015-10-28 13:24:29'),
(2, 3, 'Test di positività di Tumori', 'Questo test viene fatto sui pazienti per vedere se sono positivi a qualsiasi tumore.', '2015-07-09 13:57:44', '2015-10-28 13:25:15'),
(3, 17, 'Esame Radiologico', 'Esame effettuabile in ogni zona del corpo. Previste onde radio.', '2015-10-28 13:28:08', '2015-10-28 13:28:18'),
(4, 9, 'Esame Generale Uro-Virologico', 'Un semplice esame per verificare se ci sono problemi dal punto di vista uro-virologico.', '2015-10-28 13:30:52', '2015-10-28 13:30:52'),
(5, 17, 'Esame Ortopedico Generale', 'Questo esame consta nel verificare problemi ortopedici', '2015-10-28 13:34:20', '2015-10-28 13:34:20');

-- --------------------------------------------------------

--
-- Table structure for table `medicalrecords`
--

DROP TABLE IF EXISTS `medicalrecords`;
CREATE TABLE IF NOT EXISTS `medicalrecords` (
  `id` int(11) unsigned NOT NULL AUTO_INCREMENT,
  `client_id` int(11) unsigned NOT NULL,
  `client_name` varchar(255) NOT NULL,
  `client_surname` varchar(255) NOT NULL,
  `client_ct` varchar(255) NOT NULL,
  `name` varchar(255) NOT NULL,
  `anamnesis` varchar(255) DEFAULT NULL,
  `medicalhistory` varchar(255) DEFAULT NULL,
  `created` datetime NOT NULL DEFAULT CURRENT_TIMESTAMP,
  `modified` datetime NOT NULL DEFAULT CURRENT_TIMESTAMP ON UPDATE CURRENT_TIMESTAMP,
  PRIMARY KEY (`id`)
) ENGINE=InnoDB  DEFAULT CHARSET=utf8 AUTO_INCREMENT=19 ;

--
-- Dumping data for table `medicalrecords`
--

INSERT INTO `medicalrecords` (`id`, `client_id`, `client_name`, `client_surname`, `client_ct`, `name`, `anamnesis`, `medicalhistory`, `created`, `modified`) VALUES
(1, 9, 'Gaia', 'Rossi', '4561234', 'Cartella Clinica di Gaia', 'Schizofrenia.', 'Esame tac 23/11/10.', '2015-10-06 15:45:17', '2015-10-06 15:45:17'),
(14, 11, 'Claudio', 'Bianchi', '75315986420', 'CC di Claudio Bianchi', '', '', '2015-10-19 09:54:46', '2015-10-19 09:54:46'),
(18, 15, 'Marco', 'Parolo', '878789897879987', 'Cartella Clinica di Marco Parolo', 'Soffre di una leggera emicrania.', 'Mai stato ricoverato.', '2015-10-27 11:26:52', '2015-10-27 11:26:52');

-- --------------------------------------------------------

--
-- Table structure for table `orders`
--

DROP TABLE IF EXISTS `orders`;
CREATE TABLE IF NOT EXISTS `orders` (
  `id` int(11) unsigned NOT NULL AUTO_INCREMENT,
  `user_id` int(11) unsigned NOT NULL,
  `name` varchar(255) NOT NULL,
  `totalprice` int(11) DEFAULT NULL,
  `evaded` varchar(255) DEFAULT NULL,
  `date` datetime NOT NULL,
  `created` datetime NOT NULL DEFAULT CURRENT_TIMESTAMP,
  `modified` datetime NOT NULL DEFAULT CURRENT_TIMESTAMP ON UPDATE CURRENT_TIMESTAMP,
  PRIMARY KEY (`id`)
) ENGINE=InnoDB  DEFAULT CHARSET=utf8 AUTO_INCREMENT=12 ;

--
-- Dumping data for table `orders`
--

INSERT INTO `orders` (`id`, `user_id`, `name`, `totalprice`, `evaded`, `date`, `created`, `modified`) VALUES
(7, 6, 'Ordine II', 1565, 'si', '2015-10-14 13:19:00', '2015-10-14 13:46:38', '2015-10-16 12:23:02'),
(8, 6, 'Ordine I', 1650, 'no', '2015-10-14 13:47:00', '2015-10-14 13:47:40', '2015-10-14 13:52:30'),
(10, 6, 'Ordine IV', 510, 'si', '2015-10-19 12:41:00', '2015-10-19 12:41:52', '2015-10-19 13:15:07'),
(11, 6, 'Order III', 75, 'si', '2015-10-19 13:32:00', '2015-10-19 13:32:40', '2015-10-19 13:43:02');

-- --------------------------------------------------------

--
-- Table structure for table `orders_articles`
--

DROP TABLE IF EXISTS `orders_articles`;
CREATE TABLE IF NOT EXISTS `orders_articles` (
  `id` int(11) unsigned NOT NULL AUTO_INCREMENT,
  `order_id` int(11) unsigned NOT NULL,
  `article_id` int(11) unsigned NOT NULL,
  `articlequantity` varchar(255) NOT NULL,
  `price` int(11) NOT NULL,
  `created` datetime NOT NULL DEFAULT CURRENT_TIMESTAMP,
  `modified` datetime NOT NULL DEFAULT CURRENT_TIMESTAMP ON UPDATE CURRENT_TIMESTAMP,
  PRIMARY KEY (`id`),
  UNIQUE KEY `order_id` (`order_id`,`article_id`)
) ENGINE=InnoDB  DEFAULT CHARSET=utf8 AUTO_INCREMENT=20 ;

--
-- Dumping data for table `orders_articles`
--

INSERT INTO `orders_articles` (`id`, `order_id`, `article_id`, `articlequantity`, `price`, `created`, `modified`) VALUES
(6, 7, 4, '15', 300, '2015-10-14 13:46:38', '2015-10-15 08:09:56'),
(7, 7, 7, '5', 175, '2015-10-14 13:46:38', '2015-10-15 08:10:09'),
(8, 7, 9, '30', 1050, '2015-10-14 13:46:38', '2015-10-14 13:48:57'),
(9, 8, 4, '5', 100, '2015-10-14 13:47:40', '2015-10-14 13:49:08'),
(10, 8, 8, '10', 400, '2015-10-14 13:47:40', '2015-10-14 13:49:18'),
(11, 8, 9, '10', 350, '2015-10-14 13:47:40', '2015-10-14 13:49:29'),
(12, 7, 1, '8', 40, '2015-10-16 12:15:04', '2015-10-16 12:15:04'),
(16, 10, 16, '15', 60, '2015-10-19 12:41:52', '2015-10-19 12:42:55'),
(17, 10, 17, '20', 300, '2015-10-19 12:41:53', '2015-10-19 12:47:25'),
(18, 10, 18, '30', 150, '2015-10-19 12:41:53', '2015-10-19 12:47:37'),
(19, 11, 2, '25', 75, '2015-10-19 13:32:40', '2015-10-19 13:33:11');

-- --------------------------------------------------------

--
-- Table structure for table `rooms`
--

DROP TABLE IF EXISTS `rooms`;
CREATE TABLE IF NOT EXISTS `rooms` (
  `id` int(11) unsigned NOT NULL AUTO_INCREMENT,
  `ward_id` int(11) unsigned NOT NULL,
  `name` varchar(255) NOT NULL,
  `description` varchar(255) NOT NULL,
  `created` datetime NOT NULL DEFAULT CURRENT_TIMESTAMP,
  `modified` datetime NOT NULL DEFAULT CURRENT_TIMESTAMP ON UPDATE CURRENT_TIMESTAMP,
  PRIMARY KEY (`id`)
) ENGINE=InnoDB  DEFAULT CHARSET=utf8 AUTO_INCREMENT=33 ;

--
-- Dumping data for table `rooms`
--

INSERT INTO `rooms` (`id`, `ward_id`, `name`, `description`, `created`, `modified`) VALUES
(1, 1, 'Stanza 02', 'stanza adebita al ricovero', '2015-07-09 13:28:40', '2015-10-28 11:56:14'),
(2, 1, 'Stanza 01', 'stanza adebita al ricovero', '2015-10-28 11:56:00', '2015-10-28 11:56:00'),
(3, 2, 'Stanza 03', 'stanza adebita al ricovero', '2015-10-28 13:02:36', '2015-10-28 13:02:36'),
(4, 3, 'Stanza 04', 'stanza adebita al ricovero', '2015-10-28 13:02:36', '2015-10-28 13:02:36'),
(5, 4, 'Stanza 05', 'stanza adebita al ricovero', '2015-10-28 13:02:36', '2015-10-28 13:02:36'),
(6, 5, 'Stanza 06', 'stanza adebita al ricovero', '2015-10-28 13:02:36', '2015-10-28 13:02:36'),
(7, 6, 'Stanza 07', 'stanza adebita al ricovero', '2015-10-28 13:02:36', '2015-10-28 13:02:36'),
(8, 7, 'Stanza 08', 'stanza adebita al ricovero', '2015-10-28 13:02:36', '2015-10-28 13:02:36'),
(9, 8, 'Stanza 09', 'stanza adebita al ricovero', '2015-10-28 13:02:36', '2015-10-28 13:02:36'),
(10, 9, 'Stanza 10', 'stanza adebita al ricovero', '2015-10-28 13:02:36', '2015-10-28 13:02:36'),
(11, 10, 'Stanza 11', 'stanza adebita al ricovero', '2015-10-28 13:02:36', '2015-10-28 13:02:36'),
(12, 11, 'Stanza 12', 'stanza adebita al ricovero', '2015-10-28 13:02:36', '2015-10-28 13:02:36'),
(13, 12, 'Stanza 13', 'stanza adebita al ricovero', '2015-10-28 13:02:36', '2015-10-28 13:02:36'),
(14, 13, 'Stanza 14', 'stanza adebita al ricovero', '2015-10-28 13:02:36', '2015-10-28 13:02:36'),
(15, 14, 'Stanza 15', 'stanza adebita al ricovero', '2015-10-28 13:02:36', '2015-10-28 13:02:36'),
(16, 15, 'Stanza 16', 'stanza adebita al ricovero', '2015-10-28 13:02:36', '2015-10-28 13:02:36'),
(17, 16, 'Stanza 17', 'stanza adebita al ricovero', '2015-10-28 13:02:36', '2015-10-28 13:02:36'),
(18, 17, 'Stanza 18', 'stanza adebita al ricovero', '2015-10-28 13:02:36', '2015-10-28 13:02:36'),
(19, 18, 'Stanza 19', 'stanza adebita al ricovero', '2015-10-28 13:02:36', '2015-10-28 13:02:36'),
(20, 19, 'Stanza 20', 'stanza adebita al ricovero', '2015-10-28 13:02:36', '2015-10-28 13:02:36'),
(21, 20, 'Stanza 21', 'stanza adebita al ricovero', '2015-10-28 13:02:36', '2015-10-28 13:02:36'),
(22, 14, 'Stanza 22', 'stanza adebita al ricovero', '2015-10-28 13:02:36', '2015-10-28 13:02:36'),
(23, 12, 'Stanza 23', 'stanza adebita al ricovero', '2015-10-28 13:02:36', '2015-10-28 13:02:36'),
(24, 5, 'Stanza 24', 'stanza adebita al ricovero', '2015-10-28 13:02:36', '2015-10-28 13:02:36'),
(25, 7, 'Stanza 25', 'stanza adebita al ricovero', '2015-10-28 13:02:36', '2015-10-28 13:02:36'),
(26, 9, 'Stanza 26', 'stanza adebita al ricovero', '2015-10-28 13:02:36', '2015-10-28 13:02:36'),
(27, 6, 'Stanza 27', 'stanza adebita al ricovero', '2015-10-28 13:02:36', '2015-10-28 13:02:36'),
(28, 14, 'Stanza 28', 'stanza adebita al ricovero', '2015-10-28 13:02:36', '2015-10-28 13:02:36'),
(29, 16, 'Stanza 29', 'stanza adebita al ricovero', '2015-10-28 13:02:36', '2015-10-28 13:02:36'),
(30, 17, 'Stanza 30', 'stanza adebita al ricovero', '2015-10-28 13:02:36', '2015-10-28 13:02:36'),
(31, 18, 'Stanza 31', 'stanza adebita al ricovero', '2015-10-28 13:02:36', '2015-10-28 13:02:36'),
(32, 19, 'Stanza 32', 'stanza adebita al ricovero', '2015-10-28 13:02:36', '2015-10-28 13:02:36');

-- --------------------------------------------------------

--
-- Table structure for table `suppliers`
--

DROP TABLE IF EXISTS `suppliers`;
CREATE TABLE IF NOT EXISTS `suppliers` (
  `id` int(11) unsigned NOT NULL AUTO_INCREMENT,
  `name` varchar(255) NOT NULL,
  `piva` varchar(255) NOT NULL,
  `telephone` varchar(255) NOT NULL,
  `address` varchar(255) NOT NULL,
  `city` varchar(255) NOT NULL,
  `postalcode` varchar(255) NOT NULL,
  `province` varchar(255) NOT NULL,
  `country` varchar(255) NOT NULL,
  `created` datetime NOT NULL DEFAULT CURRENT_TIMESTAMP,
  `modified` datetime NOT NULL DEFAULT CURRENT_TIMESTAMP ON UPDATE CURRENT_TIMESTAMP,
  PRIMARY KEY (`id`),
  UNIQUE KEY `piva` (`piva`)
) ENGINE=InnoDB  DEFAULT CHARSET=utf8 AUTO_INCREMENT=11 ;

--
-- Dumping data for table `suppliers`
--

INSERT INTO `suppliers` (`id`, `name`, `piva`, `telephone`, `address`, `city`, `postalcode`, `province`, `country`, `created`, `modified`) VALUES
(1, 'Luca Verdi', '499652125', '3402255661', 'Via Firenze 3', 'Cesena', '11111', 'FC', 'Italia', '2015-07-09 15:19:31', '2015-10-28 11:12:39'),
(2, 'Marco Carta', '41323999898', '3662255998', 'via Vatti 21', 'Perugia', '58366', 'PG', 'Italia', '2015-07-09 15:19:31', '2015-10-28 11:13:45'),
(3, 'Articoli Ospedialieri F.ll Sonti', '454885145', '0540325698', 'Corso Cavour 1', 'Milano', '54456', 'MI', 'Italia', '2015-07-09 15:19:31', '2015-10-28 11:14:47'),
(4, 'Andrea Ronchi', '456321799225', '34896526021', 'Via del Fiume 4', 'Santarcangelo di Romagna', '46465546', 'RI', 'Italia', '2015-10-28 11:11:56', '2015-10-28 11:11:56'),
(5, 'AmbiBush srl', '78945268', '3335556689', 'Via Blu Platani 2', 'Rovigo', '70005', 'RO', 'Italia', '2015-10-28 11:15:37', '2015-10-28 11:15:37'),
(6, 'Paolo Centi', '14235346534', '3470906053', 'Via Rossi 3', 'Roma', '7789454545', 'RM', 'Italia', '2015-10-28 11:16:38', '2015-10-28 11:16:38'),
(7, 'F.lli Bandiera Association', '7789452311', '3556655800', 'Corso dei Platani 40', 'Zurigo', 'CH-645654', 'ZU', 'Svizzera', '2015-10-28 11:17:53', '2015-10-28 11:17:53'),
(8, 'Agatha Rossi', '78963210', '3669852000', 'Via Verdi Giuseppe 2', 'Savignano Sul Rubicone', '47039', 'FC', 'Italia', '2015-10-28 11:19:23', '2015-10-28 11:19:23'),
(9, 'Azienda Ospedaliera Bologna San Donato', '75233669', '0548956230', 'Via San Donato 10', 'Bologna', '64546112', 'BO', 'Italia', '2015-10-28 11:20:37', '2015-10-28 11:20:37'),
(10, 'Matteo Argentero', '1000022', '3405698256', 'Via Rosi e Rossi 3', 'Gambettola', '40256', 'FC', 'Italia', '2015-10-28 11:21:31', '2015-10-28 11:21:31');

-- --------------------------------------------------------

--
-- Table structure for table `treatments`
--

DROP TABLE IF EXISTS `treatments`;
CREATE TABLE IF NOT EXISTS `treatments` (
  `id` int(11) unsigned NOT NULL AUTO_INCREMENT,
  `medicalrecord_id` int(11) unsigned NOT NULL,
  `user_id` int(11) unsigned NOT NULL,
  `name` varchar(255) NOT NULL,
  `description` varchar(255) NOT NULL,
  `startdate` datetime NOT NULL DEFAULT CURRENT_TIMESTAMP,
  `enddate` datetime NOT NULL DEFAULT CURRENT_TIMESTAMP,
  `created` datetime NOT NULL DEFAULT CURRENT_TIMESTAMP,
  `modified` datetime NOT NULL DEFAULT CURRENT_TIMESTAMP ON UPDATE CURRENT_TIMESTAMP,
  PRIMARY KEY (`id`)
) ENGINE=InnoDB  DEFAULT CHARSET=utf8 AUTO_INCREMENT=2 ;

--
-- Dumping data for table `treatments`
--

INSERT INTO `treatments` (`id`, `medicalrecord_id`, `user_id`, `name`, `description`, `startdate`, `enddate`, `created`, `modified`) VALUES
(1, 1, 5, 'Trattamento di Gaia', 'Somministrazione di 120 ml di GH-125, 2 volte al giorno dopo i pasti.', '2015-10-07 13:08:00', '2016-01-07 13:08:00', '2015-10-07 13:10:56', '2015-10-19 10:37:28');

-- --------------------------------------------------------

--
-- Table structure for table `turns`
--

DROP TABLE IF EXISTS `turns`;
CREATE TABLE IF NOT EXISTS `turns` (
  `id` int(11) unsigned NOT NULL AUTO_INCREMENT,
  `date` date NOT NULL,
  `created` datetime NOT NULL DEFAULT CURRENT_TIMESTAMP,
  `modified` datetime NOT NULL DEFAULT CURRENT_TIMESTAMP ON UPDATE CURRENT_TIMESTAMP,
  PRIMARY KEY (`id`)
) ENGINE=InnoDB  DEFAULT CHARSET=utf8 AUTO_INCREMENT=732 ;

--
-- Dumping data for table `turns`
--

INSERT INTO `turns` (`id`, `date`, `created`, `modified`) VALUES
(1, '2015-01-01', '2015-10-08 12:32:10', '2015-10-08 12:32:10'),
(2, '2015-01-02', '2015-10-08 12:32:10', '2015-10-08 12:32:10'),
(3, '2015-01-03', '2015-10-08 12:32:10', '2015-10-08 12:32:10'),
(4, '2015-01-04', '2015-10-08 12:32:10', '2015-10-08 12:32:10'),
(5, '2015-01-05', '2015-10-08 12:32:10', '2015-10-08 12:32:10'),
(6, '2015-01-06', '2015-10-08 12:32:10', '2015-10-08 12:32:10'),
(7, '2015-01-07', '2015-10-08 12:32:10', '2015-10-08 12:32:10'),
(8, '2015-01-08', '2015-10-08 12:32:10', '2015-10-08 12:32:10'),
(9, '2015-01-09', '2015-10-08 12:32:10', '2015-10-08 12:32:10'),
(10, '2015-01-10', '2015-10-08 12:32:10', '2015-10-08 12:32:10'),
(11, '2015-01-11', '2015-10-08 12:32:10', '2015-10-08 12:32:10'),
(12, '2015-01-12', '2015-10-08 12:32:10', '2015-10-08 12:32:10'),
(13, '2015-01-13', '2015-10-08 12:32:10', '2015-10-08 12:32:10'),
(14, '2015-01-14', '2015-10-08 12:32:10', '2015-10-08 12:32:10'),
(15, '2015-01-15', '2015-10-08 12:32:10', '2015-10-08 12:32:10'),
(16, '2015-01-16', '2015-10-08 12:32:10', '2015-10-08 12:32:10'),
(17, '2015-01-17', '2015-10-08 12:32:10', '2015-10-08 12:32:10'),
(18, '2015-01-18', '2015-10-08 12:32:10', '2015-10-08 12:32:10'),
(19, '2015-01-19', '2015-10-08 12:32:10', '2015-10-08 12:32:10'),
(20, '2015-01-20', '2015-10-08 12:32:11', '2015-10-08 12:32:11'),
(21, '2015-01-21', '2015-10-08 12:32:11', '2015-10-08 12:32:11'),
(22, '2015-01-22', '2015-10-08 12:32:11', '2015-10-08 12:32:11'),
(23, '2015-01-23', '2015-10-08 12:32:11', '2015-10-08 12:32:11'),
(24, '2015-01-24', '2015-10-08 12:32:11', '2015-10-08 12:32:11'),
(25, '2015-01-25', '2015-10-08 12:32:11', '2015-10-08 12:32:11'),
(26, '2015-01-26', '2015-10-08 12:32:11', '2015-10-08 12:32:11'),
(27, '2015-01-27', '2015-10-08 12:32:11', '2015-10-08 12:32:11'),
(28, '2015-01-28', '2015-10-08 12:32:11', '2015-10-08 12:32:11'),
(29, '2015-01-29', '2015-10-08 12:32:11', '2015-10-08 12:32:11'),
(30, '2015-01-30', '2015-10-08 12:32:11', '2015-10-08 12:32:11'),
(31, '2015-01-31', '2015-10-08 12:32:11', '2015-10-08 12:32:11'),
(32, '2015-02-01', '2015-10-08 12:32:11', '2015-10-08 12:32:11'),
(33, '2015-02-02', '2015-10-08 12:32:11', '2015-10-08 12:32:11'),
(34, '2015-02-03', '2015-10-08 12:32:11', '2015-10-08 12:32:11'),
(35, '2015-02-04', '2015-10-08 12:32:11', '2015-10-08 12:32:11'),
(36, '2015-02-05', '2015-10-08 12:32:11', '2015-10-08 12:32:11'),
(37, '2015-02-06', '2015-10-08 12:32:11', '2015-10-08 12:32:11'),
(38, '2015-02-07', '2015-10-08 12:32:11', '2015-10-08 12:32:11'),
(39, '2015-02-08', '2015-10-08 12:32:11', '2015-10-08 12:32:11'),
(40, '2015-02-09', '2015-10-08 12:32:11', '2015-10-08 12:32:11'),
(41, '2015-02-10', '2015-10-08 12:32:11', '2015-10-08 12:32:11'),
(42, '2015-02-11', '2015-10-08 12:32:11', '2015-10-08 12:32:11'),
(43, '2015-02-12', '2015-10-08 12:32:11', '2015-10-08 12:32:11'),
(44, '2015-02-13', '2015-10-08 12:32:11', '2015-10-08 12:32:11'),
(45, '2015-02-14', '2015-10-08 12:32:12', '2015-10-08 12:32:12'),
(46, '2015-02-15', '2015-10-08 12:32:12', '2015-10-08 12:32:12'),
(47, '2015-02-16', '2015-10-08 12:32:12', '2015-10-08 12:32:12'),
(48, '2015-02-17', '2015-10-08 12:32:12', '2015-10-08 12:32:12'),
(49, '2015-02-18', '2015-10-08 12:32:12', '2015-10-08 12:32:12'),
(50, '2015-02-19', '2015-10-08 12:32:12', '2015-10-08 12:32:12'),
(51, '2015-02-20', '2015-10-08 12:32:12', '2015-10-08 12:32:12'),
(52, '2015-02-21', '2015-10-08 12:32:12', '2015-10-08 12:32:12'),
(53, '2015-02-22', '2015-10-08 12:32:12', '2015-10-08 12:32:12'),
(54, '2015-02-23', '2015-10-08 12:32:12', '2015-10-08 12:32:12'),
(55, '2015-02-24', '2015-10-08 12:32:12', '2015-10-08 12:32:12'),
(56, '2015-02-25', '2015-10-08 12:32:12', '2015-10-08 12:32:12'),
(57, '2015-02-26', '2015-10-08 12:32:12', '2015-10-08 12:32:12'),
(58, '2015-02-27', '2015-10-08 12:32:12', '2015-10-08 12:32:12'),
(59, '2015-02-28', '2015-10-08 12:32:12', '2015-10-08 12:32:12'),
(60, '2015-03-01', '2015-10-08 12:32:12', '2015-10-08 12:32:12'),
(61, '2015-03-02', '2015-10-08 12:32:12', '2015-10-08 12:32:12'),
(62, '2015-03-03', '2015-10-08 12:32:12', '2015-10-08 12:32:12'),
(63, '2015-03-04', '2015-10-08 12:32:12', '2015-10-08 12:32:12'),
(64, '2015-03-05', '2015-10-08 12:32:12', '2015-10-08 12:32:12'),
(65, '2015-03-06', '2015-10-08 12:32:12', '2015-10-08 12:32:12'),
(66, '2015-03-07', '2015-10-08 12:32:12', '2015-10-08 12:32:12'),
(67, '2015-03-08', '2015-10-08 12:32:12', '2015-10-08 12:32:12'),
(68, '2015-03-09', '2015-10-08 12:32:12', '2015-10-08 12:32:12'),
(69, '2015-03-10', '2015-10-08 12:32:12', '2015-10-08 12:32:12'),
(70, '2015-03-11', '2015-10-08 12:32:12', '2015-10-08 12:32:12'),
(71, '2015-03-12', '2015-10-08 12:32:13', '2015-10-08 12:32:13'),
(72, '2015-03-13', '2015-10-08 12:32:13', '2015-10-08 12:32:13'),
(73, '2015-03-14', '2015-10-08 12:32:13', '2015-10-08 12:32:13'),
(74, '2015-03-15', '2015-10-08 12:32:13', '2015-10-08 12:32:13'),
(75, '2015-03-16', '2015-10-08 12:32:13', '2015-10-08 12:32:13'),
(76, '2015-03-17', '2015-10-08 12:32:13', '2015-10-08 12:32:13'),
(77, '2015-03-18', '2015-10-08 12:32:13', '2015-10-08 12:32:13'),
(78, '2015-03-19', '2015-10-08 12:32:13', '2015-10-08 12:32:13'),
(79, '2015-03-20', '2015-10-08 12:32:13', '2015-10-08 12:32:13'),
(80, '2015-03-21', '2015-10-08 12:32:13', '2015-10-08 12:32:13'),
(81, '2015-03-22', '2015-10-08 12:32:13', '2015-10-08 12:32:13'),
(82, '2015-03-23', '2015-10-08 12:32:13', '2015-10-08 12:32:13'),
(83, '2015-03-24', '2015-10-08 12:32:13', '2015-10-08 12:32:13'),
(84, '2015-03-25', '2015-10-08 12:32:13', '2015-10-08 12:32:13'),
(85, '2015-03-26', '2015-10-08 12:32:13', '2015-10-08 12:32:13'),
(86, '2015-03-27', '2015-10-08 12:32:13', '2015-10-08 12:32:13'),
(87, '2015-03-28', '2015-10-08 12:32:13', '2015-10-08 12:32:13'),
(88, '2015-03-29', '2015-10-08 12:32:13', '2015-10-08 12:32:13'),
(89, '2015-03-30', '2015-10-08 12:32:13', '2015-10-08 12:32:13'),
(90, '2015-03-31', '2015-10-08 12:32:13', '2015-10-08 12:32:13'),
(91, '2015-04-01', '2015-10-08 12:32:13', '2015-10-08 12:32:13'),
(92, '2015-04-02', '2015-10-08 12:32:13', '2015-10-08 12:32:13'),
(93, '2015-04-03', '2015-10-08 12:32:13', '2015-10-08 12:32:13'),
(94, '2015-04-04', '2015-10-08 12:32:13', '2015-10-08 12:32:13'),
(95, '2015-04-05', '2015-10-08 12:32:13', '2015-10-08 12:32:13'),
(96, '2015-04-06', '2015-10-08 12:32:14', '2015-10-08 12:32:14'),
(97, '2015-04-07', '2015-10-08 12:32:14', '2015-10-08 12:32:14'),
(98, '2015-04-08', '2015-10-08 12:32:14', '2015-10-08 12:32:14'),
(99, '2015-04-09', '2015-10-08 12:32:14', '2015-10-08 12:32:14'),
(100, '2015-04-10', '2015-10-08 12:32:14', '2015-10-08 12:32:14'),
(101, '2015-04-11', '2015-10-08 12:32:14', '2015-10-08 12:32:14'),
(102, '2015-04-12', '2015-10-08 12:32:14', '2015-10-08 12:32:14'),
(103, '2015-04-13', '2015-10-08 12:32:14', '2015-10-08 12:32:14'),
(104, '2015-04-14', '2015-10-08 12:32:14', '2015-10-08 12:32:14'),
(105, '2015-04-15', '2015-10-08 12:32:14', '2015-10-08 12:32:14'),
(106, '2015-04-16', '2015-10-08 12:32:14', '2015-10-08 12:32:14'),
(107, '2015-04-17', '2015-10-08 12:32:14', '2015-10-08 12:32:14'),
(108, '2015-04-18', '2015-10-08 12:32:14', '2015-10-08 12:32:14'),
(109, '2015-04-19', '2015-10-08 12:32:14', '2015-10-08 12:32:14'),
(110, '2015-04-20', '2015-10-08 12:32:14', '2015-10-08 12:32:14'),
(111, '2015-04-21', '2015-10-08 12:32:14', '2015-10-08 12:32:14'),
(112, '2015-04-22', '2015-10-08 12:32:14', '2015-10-08 12:32:14'),
(113, '2015-04-23', '2015-10-08 12:32:14', '2015-10-08 12:32:14'),
(114, '2015-04-24', '2015-10-08 12:32:14', '2015-10-08 12:32:14'),
(115, '2015-04-25', '2015-10-08 12:32:14', '2015-10-08 12:32:14'),
(116, '2015-04-26', '2015-10-08 12:32:14', '2015-10-08 12:32:14'),
(117, '2015-04-27', '2015-10-08 12:32:14', '2015-10-08 12:32:14'),
(118, '2015-04-28', '2015-10-08 12:32:14', '2015-10-08 12:32:14'),
(119, '2015-04-29', '2015-10-08 12:32:14', '2015-10-08 12:32:14'),
(120, '2015-04-30', '2015-10-08 12:32:14', '2015-10-08 12:32:14'),
(121, '2015-05-01', '2015-10-08 12:32:14', '2015-10-08 12:32:14'),
(122, '2015-05-02', '2015-10-08 12:32:14', '2015-10-08 12:32:14'),
(123, '2015-05-03', '2015-10-08 12:32:15', '2015-10-08 12:32:15'),
(124, '2015-05-04', '2015-10-08 12:32:15', '2015-10-08 12:32:15'),
(125, '2015-05-05', '2015-10-08 12:32:15', '2015-10-08 12:32:15'),
(126, '2015-05-06', '2015-10-08 12:32:15', '2015-10-08 12:32:15'),
(127, '2015-05-07', '2015-10-08 12:32:15', '2015-10-08 12:32:15'),
(128, '2015-05-08', '2015-10-08 12:32:15', '2015-10-08 12:32:15'),
(129, '2015-05-09', '2015-10-08 12:32:15', '2015-10-08 12:32:15'),
(130, '2015-05-10', '2015-10-08 12:32:15', '2015-10-08 12:32:15'),
(131, '2015-05-11', '2015-10-08 12:32:15', '2015-10-08 12:32:15'),
(132, '2015-05-12', '2015-10-08 12:32:15', '2015-10-08 12:32:15'),
(133, '2015-05-13', '2015-10-08 12:32:15', '2015-10-08 12:32:15'),
(134, '2015-05-14', '2015-10-08 12:32:15', '2015-10-08 12:32:15'),
(135, '2015-05-15', '2015-10-08 12:32:15', '2015-10-08 12:32:15'),
(136, '2015-05-16', '2015-10-08 12:32:15', '2015-10-08 12:32:15'),
(137, '2015-05-17', '2015-10-08 12:32:15', '2015-10-08 12:32:15'),
(138, '2015-05-18', '2015-10-08 12:32:15', '2015-10-08 12:32:15'),
(139, '2015-05-19', '2015-10-08 12:32:15', '2015-10-08 12:32:15'),
(140, '2015-05-20', '2015-10-08 12:32:15', '2015-10-08 12:32:15'),
(141, '2015-05-21', '2015-10-08 12:32:15', '2015-10-08 12:32:15'),
(142, '2015-05-22', '2015-10-08 12:32:15', '2015-10-08 12:32:15'),
(143, '2015-05-23', '2015-10-08 12:32:15', '2015-10-08 12:32:15'),
(144, '2015-05-24', '2015-10-08 12:32:15', '2015-10-08 12:32:15'),
(145, '2015-05-25', '2015-10-08 12:32:15', '2015-10-08 12:32:15'),
(146, '2015-05-26', '2015-10-08 12:32:15', '2015-10-08 12:32:15'),
(147, '2015-05-27', '2015-10-08 12:32:15', '2015-10-08 12:32:15'),
(148, '2015-05-28', '2015-10-08 12:32:16', '2015-10-08 12:32:16'),
(149, '2015-05-29', '2015-10-08 12:32:16', '2015-10-08 12:32:16'),
(150, '2015-05-30', '2015-10-08 12:32:16', '2015-10-08 12:32:16'),
(151, '2015-05-31', '2015-10-08 12:32:16', '2015-10-08 12:32:16'),
(152, '2015-06-01', '2015-10-08 12:32:16', '2015-10-08 12:32:16'),
(153, '2015-06-02', '2015-10-08 12:32:16', '2015-10-08 12:32:16'),
(154, '2015-06-03', '2015-10-08 12:32:16', '2015-10-08 12:32:16'),
(155, '2015-06-04', '2015-10-08 12:32:16', '2015-10-08 12:32:16'),
(156, '2015-06-05', '2015-10-08 12:32:16', '2015-10-08 12:32:16'),
(157, '2015-06-06', '2015-10-08 12:32:16', '2015-10-08 12:32:16'),
(158, '2015-06-07', '2015-10-08 12:32:16', '2015-10-08 12:32:16'),
(159, '2015-06-08', '2015-10-08 12:32:16', '2015-10-08 12:32:16'),
(160, '2015-06-09', '2015-10-08 12:32:16', '2015-10-08 12:32:16'),
(161, '2015-06-10', '2015-10-08 12:32:16', '2015-10-08 12:32:16'),
(162, '2015-06-11', '2015-10-08 12:32:16', '2015-10-08 12:32:16'),
(163, '2015-06-12', '2015-10-08 12:32:16', '2015-10-08 12:32:16'),
(164, '2015-06-13', '2015-10-08 12:32:16', '2015-10-08 12:32:16'),
(165, '2015-06-14', '2015-10-08 12:32:16', '2015-10-08 12:32:16'),
(166, '2015-06-15', '2015-10-08 12:32:16', '2015-10-08 12:32:16'),
(167, '2015-06-16', '2015-10-08 12:32:16', '2015-10-08 12:32:16'),
(168, '2015-06-17', '2015-10-08 12:32:16', '2015-10-08 12:32:16'),
(169, '2015-06-18', '2015-10-08 12:32:16', '2015-10-08 12:32:16'),
(170, '2015-06-19', '2015-10-08 12:32:16', '2015-10-08 12:32:16'),
(171, '2015-06-20', '2015-10-08 12:32:16', '2015-10-08 12:32:16'),
(172, '2015-06-21', '2015-10-08 12:32:16', '2015-10-08 12:32:16'),
(173, '2015-06-22', '2015-10-08 12:32:17', '2015-10-08 12:32:17'),
(174, '2015-06-23', '2015-10-08 12:32:17', '2015-10-08 12:32:17'),
(175, '2015-06-24', '2015-10-08 12:32:17', '2015-10-08 12:32:17'),
(176, '2015-06-25', '2015-10-08 12:32:17', '2015-10-08 12:32:17'),
(177, '2015-06-26', '2015-10-08 12:32:17', '2015-10-08 12:32:17'),
(178, '2015-06-27', '2015-10-08 12:32:17', '2015-10-08 12:32:17'),
(179, '2015-06-28', '2015-10-08 12:32:17', '2015-10-08 12:32:17'),
(180, '2015-06-29', '2015-10-08 12:32:17', '2015-10-08 12:32:17'),
(181, '2015-06-30', '2015-10-08 12:32:17', '2015-10-08 12:32:17'),
(182, '2015-07-01', '2015-10-08 12:32:17', '2015-10-08 12:32:17'),
(183, '2015-07-02', '2015-10-08 12:32:17', '2015-10-08 12:32:17'),
(184, '2015-07-03', '2015-10-08 12:32:17', '2015-10-08 12:32:17'),
(185, '2015-07-04', '2015-10-08 12:32:17', '2015-10-08 12:32:17'),
(186, '2015-07-05', '2015-10-08 12:32:17', '2015-10-08 12:32:17'),
(187, '2015-07-06', '2015-10-08 12:32:17', '2015-10-08 12:32:17'),
(188, '2015-07-07', '2015-10-08 12:32:17', '2015-10-08 12:32:17'),
(189, '2015-07-08', '2015-10-08 12:32:17', '2015-10-08 12:32:17'),
(190, '2015-07-09', '2015-10-08 12:32:17', '2015-10-08 12:32:17'),
(191, '2015-07-10', '2015-10-08 12:32:17', '2015-10-08 12:32:17'),
(192, '2015-07-11', '2015-10-08 12:32:17', '2015-10-08 12:32:17'),
(193, '2015-07-12', '2015-10-08 12:32:17', '2015-10-08 12:32:17'),
(194, '2015-07-13', '2015-10-08 12:32:17', '2015-10-08 12:32:17'),
(195, '2015-07-14', '2015-10-08 12:32:17', '2015-10-08 12:32:17'),
(196, '2015-07-15', '2015-10-08 12:32:17', '2015-10-08 12:32:17'),
(197, '2015-07-16', '2015-10-08 12:32:17', '2015-10-08 12:32:17'),
(198, '2015-07-17', '2015-10-08 12:32:17', '2015-10-08 12:32:17'),
(199, '2015-07-18', '2015-10-08 12:32:17', '2015-10-08 12:32:17'),
(200, '2015-07-19', '2015-10-08 12:32:18', '2015-10-08 12:32:18'),
(201, '2015-07-20', '2015-10-08 12:32:18', '2015-10-08 12:32:18'),
(202, '2015-07-21', '2015-10-08 12:32:18', '2015-10-08 12:32:18'),
(203, '2015-07-22', '2015-10-08 12:32:18', '2015-10-08 12:32:18'),
(204, '2015-07-23', '2015-10-08 12:32:18', '2015-10-08 12:32:18'),
(205, '2015-07-24', '2015-10-08 12:32:18', '2015-10-08 12:32:18'),
(206, '2015-07-25', '2015-10-08 12:32:18', '2015-10-08 12:32:18'),
(207, '2015-07-26', '2015-10-08 12:32:18', '2015-10-08 12:32:18'),
(208, '2015-07-27', '2015-10-08 12:32:18', '2015-10-08 12:32:18'),
(209, '2015-07-28', '2015-10-08 12:32:18', '2015-10-08 12:32:18'),
(210, '2015-07-29', '2015-10-08 12:32:18', '2015-10-08 12:32:18'),
(211, '2015-07-30', '2015-10-08 12:32:18', '2015-10-08 12:32:18'),
(212, '2015-07-31', '2015-10-08 12:32:18', '2015-10-08 12:32:18'),
(213, '2015-08-01', '2015-10-08 12:32:18', '2015-10-08 12:32:18'),
(214, '2015-08-02', '2015-10-08 12:32:18', '2015-10-08 12:32:18'),
(215, '2015-08-03', '2015-10-08 12:32:18', '2015-10-08 12:32:18'),
(216, '2015-08-04', '2015-10-08 12:32:18', '2015-10-08 12:32:18'),
(217, '2015-08-05', '2015-10-08 12:32:18', '2015-10-08 12:32:18'),
(218, '2015-08-06', '2015-10-08 12:32:18', '2015-10-08 12:32:18'),
(219, '2015-08-07', '2015-10-08 12:32:18', '2015-10-08 12:32:18'),
(220, '2015-08-08', '2015-10-08 12:32:18', '2015-10-08 12:32:18'),
(221, '2015-08-09', '2015-10-08 12:32:18', '2015-10-08 12:32:18'),
(222, '2015-08-10', '2015-10-08 12:32:18', '2015-10-08 12:32:18'),
(223, '2015-08-11', '2015-10-08 12:32:18', '2015-10-08 12:32:18'),
(224, '2015-08-12', '2015-10-08 12:32:18', '2015-10-08 12:32:18'),
(225, '2015-08-13', '2015-10-08 12:32:19', '2015-10-08 12:32:19'),
(226, '2015-08-14', '2015-10-08 12:32:19', '2015-10-08 12:32:19'),
(227, '2015-08-15', '2015-10-08 12:32:19', '2015-10-08 12:32:19'),
(228, '2015-08-16', '2015-10-08 12:32:19', '2015-10-08 12:32:19'),
(229, '2015-08-17', '2015-10-08 12:32:19', '2015-10-08 12:32:19'),
(230, '2015-08-18', '2015-10-08 12:32:19', '2015-10-08 12:32:19'),
(231, '2015-08-19', '2015-10-08 12:32:19', '2015-10-08 12:32:19'),
(232, '2015-08-20', '2015-10-08 12:32:19', '2015-10-08 12:32:19'),
(233, '2015-08-21', '2015-10-08 12:32:19', '2015-10-08 12:32:19'),
(234, '2015-08-22', '2015-10-08 12:32:19', '2015-10-08 12:32:19'),
(235, '2015-08-23', '2015-10-08 12:32:19', '2015-10-08 12:32:19'),
(236, '2015-08-24', '2015-10-08 12:32:19', '2015-10-08 12:32:19'),
(237, '2015-08-25', '2015-10-08 12:32:19', '2015-10-08 12:32:19'),
(238, '2015-08-26', '2015-10-08 12:32:19', '2015-10-08 12:32:19'),
(239, '2015-08-27', '2015-10-08 12:32:19', '2015-10-08 12:32:19'),
(240, '2015-08-28', '2015-10-08 12:32:19', '2015-10-08 12:32:19'),
(241, '2015-08-29', '2015-10-08 12:32:19', '2015-10-08 12:32:19'),
(242, '2015-08-30', '2015-10-08 12:32:19', '2015-10-08 12:32:19'),
(243, '2015-08-31', '2015-10-08 12:32:19', '2015-10-08 12:32:19'),
(244, '2015-09-01', '2015-10-08 12:32:19', '2015-10-08 12:32:19'),
(245, '2015-09-02', '2015-10-08 12:32:19', '2015-10-08 12:32:19'),
(246, '2015-09-03', '2015-10-08 12:32:19', '2015-10-08 12:32:19'),
(247, '2015-09-04', '2015-10-08 12:32:19', '2015-10-08 12:32:19'),
(248, '2015-09-05', '2015-10-08 12:32:19', '2015-10-08 12:32:19'),
(249, '2015-09-06', '2015-10-08 12:32:19', '2015-10-08 12:32:19'),
(250, '2015-09-07', '2015-10-08 12:32:20', '2015-10-08 12:32:20'),
(251, '2015-09-08', '2015-10-08 12:32:20', '2015-10-08 12:32:20'),
(252, '2015-09-09', '2015-10-08 12:32:20', '2015-10-08 12:32:20'),
(253, '2015-09-10', '2015-10-08 12:32:20', '2015-10-08 12:32:20'),
(254, '2015-09-11', '2015-10-08 12:32:20', '2015-10-08 12:32:20'),
(255, '2015-09-12', '2015-10-08 12:32:20', '2015-10-08 12:32:20'),
(256, '2015-09-13', '2015-10-08 12:32:20', '2015-10-08 12:32:20'),
(257, '2015-09-14', '2015-10-08 12:32:20', '2015-10-08 12:32:20'),
(258, '2015-09-15', '2015-10-08 12:32:20', '2015-10-08 12:32:20'),
(259, '2015-09-16', '2015-10-08 12:32:20', '2015-10-08 12:32:20'),
(260, '2015-09-17', '2015-10-08 12:32:20', '2015-10-08 12:32:20'),
(261, '2015-09-18', '2015-10-08 12:32:20', '2015-10-08 12:32:20'),
(262, '2015-09-19', '2015-10-08 12:32:20', '2015-10-08 12:32:20'),
(263, '2015-09-20', '2015-10-08 12:32:20', '2015-10-08 12:32:20'),
(264, '2015-09-21', '2015-10-08 12:32:20', '2015-10-08 12:32:20'),
(265, '2015-09-22', '2015-10-08 12:32:20', '2015-10-08 12:32:20'),
(266, '2015-09-23', '2015-10-08 12:32:20', '2015-10-08 12:32:20'),
(267, '2015-09-24', '2015-10-08 12:32:20', '2015-10-08 12:32:20'),
(268, '2015-09-25', '2015-10-08 12:32:20', '2015-10-08 12:32:20'),
(269, '2015-09-26', '2015-10-08 12:32:20', '2015-10-08 12:32:20'),
(270, '2015-09-27', '2015-10-08 12:32:20', '2015-10-08 12:32:20'),
(271, '2015-09-28', '2015-10-08 12:32:20', '2015-10-08 12:32:20'),
(272, '2015-09-29', '2015-10-08 12:32:20', '2015-10-08 12:32:20'),
(273, '2015-09-30', '2015-10-08 12:32:20', '2015-10-08 12:32:20'),
(274, '2015-10-01', '2015-10-08 12:32:20', '2015-10-08 12:32:20'),
(275, '2015-10-02', '2015-10-08 12:32:20', '2015-10-08 12:32:20'),
(276, '2015-10-03', '2015-10-08 12:32:21', '2015-10-08 12:32:21'),
(277, '2015-10-04', '2015-10-08 12:32:21', '2015-10-08 12:32:21'),
(278, '2015-10-05', '2015-10-08 12:32:21', '2015-10-08 12:32:21'),
(279, '2015-10-06', '2015-10-08 12:32:21', '2015-10-08 12:32:21'),
(280, '2015-10-07', '2015-10-08 12:32:21', '2015-10-08 12:32:21'),
(281, '2015-10-08', '2015-10-08 12:32:21', '2015-10-08 12:32:21'),
(282, '2015-10-09', '2015-10-08 12:32:21', '2015-10-08 12:32:21'),
(283, '2015-10-10', '2015-10-08 12:32:21', '2015-10-08 12:32:21'),
(284, '2015-10-11', '2015-10-08 12:32:21', '2015-10-08 12:32:21'),
(285, '2015-10-12', '2015-10-08 12:32:21', '2015-10-08 12:32:21'),
(286, '2015-10-13', '2015-10-08 12:32:21', '2015-10-08 12:32:21'),
(287, '2015-10-14', '2015-10-08 12:32:21', '2015-10-08 12:32:21'),
(288, '2015-10-15', '2015-10-08 12:32:21', '2015-10-08 12:32:21'),
(289, '2015-10-16', '2015-10-08 12:32:21', '2015-10-08 12:32:21'),
(290, '2015-10-17', '2015-10-08 12:32:21', '2015-10-08 12:32:21'),
(291, '2015-10-18', '2015-10-08 12:32:21', '2015-10-08 12:32:21'),
(292, '2015-10-19', '2015-10-08 12:32:21', '2015-10-08 12:32:21'),
(293, '2015-10-20', '2015-10-08 12:32:21', '2015-10-08 12:32:21'),
(294, '2015-10-21', '2015-10-08 12:32:21', '2015-10-08 12:32:21'),
(295, '2015-10-22', '2015-10-08 12:32:21', '2015-10-08 12:32:21'),
(296, '2015-10-23', '2015-10-08 12:32:21', '2015-10-08 12:32:21'),
(297, '2015-10-24', '2015-10-08 12:32:21', '2015-10-08 12:32:21'),
(298, '2015-10-25', '2015-10-08 12:32:21', '2015-10-08 12:32:21'),
(299, '2015-10-26', '2015-10-08 12:32:21', '2015-10-08 12:32:21'),
(300, '2015-10-27', '2015-10-08 12:32:21', '2015-10-08 12:32:21'),
(301, '2015-10-28', '2015-10-08 12:32:22', '2015-10-08 12:32:22'),
(302, '2015-10-29', '2015-10-08 12:32:22', '2015-10-08 12:32:22'),
(303, '2015-10-30', '2015-10-08 12:32:22', '2015-10-08 12:32:22'),
(304, '2015-10-31', '2015-10-08 12:32:22', '2015-10-08 12:32:22'),
(305, '2015-11-01', '2015-10-08 12:32:22', '2015-10-08 12:32:22'),
(306, '2015-11-02', '2015-10-08 12:32:22', '2015-10-08 12:32:22'),
(307, '2015-11-03', '2015-10-08 12:32:22', '2015-10-08 12:32:22'),
(308, '2015-11-04', '2015-10-08 12:32:22', '2015-10-08 12:32:22'),
(309, '2015-11-05', '2015-10-08 12:32:22', '2015-10-08 12:32:22'),
(310, '2015-11-06', '2015-10-08 12:32:22', '2015-10-08 12:32:22'),
(311, '2015-11-07', '2015-10-08 12:32:22', '2015-10-08 12:32:22'),
(312, '2015-11-08', '2015-10-08 12:32:22', '2015-10-08 12:32:22'),
(313, '2015-11-09', '2015-10-08 12:32:22', '2015-10-08 12:32:22'),
(314, '2015-11-10', '2015-10-08 12:32:22', '2015-10-08 12:32:22'),
(315, '2015-11-11', '2015-10-08 12:32:22', '2015-10-08 12:32:22'),
(316, '2015-11-12', '2015-10-08 12:32:22', '2015-10-08 12:32:22'),
(317, '2015-11-13', '2015-10-08 12:32:22', '2015-10-08 12:32:22'),
(318, '2015-11-14', '2015-10-08 12:32:22', '2015-10-08 12:32:22'),
(319, '2015-11-15', '2015-10-08 12:32:22', '2015-10-08 12:32:22'),
(320, '2015-11-16', '2015-10-08 12:32:22', '2015-10-08 12:32:22'),
(321, '2015-11-17', '2015-10-08 12:32:22', '2015-10-08 12:32:22'),
(322, '2015-11-18', '2015-10-08 12:32:22', '2015-10-08 12:32:22'),
(323, '2015-11-19', '2015-10-08 12:32:22', '2015-10-08 12:32:22'),
(324, '2015-11-20', '2015-10-08 12:32:22', '2015-10-08 12:32:22'),
(325, '2015-11-21', '2015-10-08 12:32:22', '2015-10-08 12:32:22'),
(326, '2015-11-22', '2015-10-08 12:32:22', '2015-10-08 12:32:22'),
(327, '2015-11-23', '2015-10-08 12:32:23', '2015-10-08 12:32:23'),
(328, '2015-11-24', '2015-10-08 12:32:23', '2015-10-08 12:32:23'),
(329, '2015-11-25', '2015-10-08 12:32:23', '2015-10-08 12:32:23'),
(330, '2015-11-26', '2015-10-08 12:32:23', '2015-10-08 12:32:23'),
(331, '2015-11-27', '2015-10-08 12:32:23', '2015-10-08 12:32:23'),
(332, '2015-11-28', '2015-10-08 12:32:23', '2015-10-08 12:32:23'),
(333, '2015-11-29', '2015-10-08 12:32:23', '2015-10-08 12:32:23'),
(334, '2015-11-30', '2015-10-08 12:32:23', '2015-10-08 12:32:23'),
(335, '2015-12-01', '2015-10-08 12:32:23', '2015-10-08 12:32:23'),
(336, '2015-12-02', '2015-10-08 12:32:23', '2015-10-08 12:32:23'),
(337, '2015-12-03', '2015-10-08 12:32:23', '2015-10-08 12:32:23'),
(338, '2015-12-04', '2015-10-08 12:32:23', '2015-10-08 12:32:23'),
(339, '2015-12-05', '2015-10-08 12:32:23', '2015-10-08 12:32:23'),
(340, '2015-12-06', '2015-10-08 12:32:23', '2015-10-08 12:32:23'),
(341, '2015-12-07', '2015-10-08 12:32:23', '2015-10-08 12:32:23'),
(342, '2015-12-08', '2015-10-08 12:32:23', '2015-10-08 12:32:23'),
(343, '2015-12-09', '2015-10-08 12:32:23', '2015-10-08 12:32:23'),
(344, '2015-12-10', '2015-10-08 12:32:23', '2015-10-08 12:32:23'),
(345, '2015-12-11', '2015-10-08 12:32:24', '2015-10-08 12:32:24'),
(346, '2015-12-12', '2015-10-08 12:32:24', '2015-10-08 12:32:24'),
(347, '2015-12-13', '2015-10-08 12:32:24', '2015-10-08 12:32:24'),
(348, '2015-12-14', '2015-10-08 12:32:24', '2015-10-08 12:32:24'),
(349, '2015-12-15', '2015-10-08 12:32:24', '2015-10-08 12:32:24'),
(350, '2015-12-16', '2015-10-08 12:32:24', '2015-10-08 12:32:24'),
(351, '2015-12-17', '2015-10-08 12:32:24', '2015-10-08 12:32:24'),
(352, '2015-12-18', '2015-10-08 12:32:24', '2015-10-08 12:32:24'),
(353, '2015-12-19', '2015-10-08 12:32:24', '2015-10-08 12:32:24'),
(354, '2015-12-20', '2015-10-08 12:32:24', '2015-10-08 12:32:24'),
(355, '2015-12-21', '2015-10-08 12:32:24', '2015-10-08 12:32:24'),
(356, '2015-12-22', '2015-10-08 12:32:24', '2015-10-08 12:32:24'),
(357, '2015-12-23', '2015-10-08 12:32:24', '2015-10-08 12:32:24'),
(358, '2015-12-24', '2015-10-08 12:32:24', '2015-10-08 12:32:24'),
(359, '2015-12-25', '2015-10-08 12:32:24', '2015-10-08 12:32:24'),
(360, '2015-12-26', '2015-10-08 12:32:24', '2015-10-08 12:32:24'),
(361, '2015-12-27', '2015-10-08 12:32:24', '2015-10-08 12:32:24'),
(362, '2015-12-28', '2015-10-08 12:32:24', '2015-10-08 12:32:24'),
(363, '2015-12-29', '2015-10-08 12:32:24', '2015-10-08 12:32:24'),
(364, '2015-12-30', '2015-10-08 12:32:24', '2015-10-08 12:32:24'),
(365, '2015-12-31', '2015-10-08 12:32:24', '2015-10-08 12:32:24'),
(366, '2016-01-01', '2015-10-28 13:42:46', '2015-10-28 13:42:46'),
(367, '2016-01-02', '2015-10-28 13:42:46', '2015-10-28 13:42:46'),
(368, '2016-01-03', '2015-10-28 13:42:46', '2015-10-28 13:42:46'),
(369, '2016-01-04', '2015-10-28 13:42:46', '2015-10-28 13:42:46'),
(370, '2016-01-05', '2015-10-28 13:42:47', '2015-10-28 13:42:47'),
(371, '2016-01-06', '2015-10-28 13:42:47', '2015-10-28 13:42:47'),
(372, '2016-01-07', '2015-10-28 13:42:47', '2015-10-28 13:42:47'),
(373, '2016-01-08', '2015-10-28 13:42:47', '2015-10-28 13:42:47'),
(374, '2016-01-09', '2015-10-28 13:42:47', '2015-10-28 13:42:47'),
(375, '2016-01-10', '2015-10-28 13:42:47', '2015-10-28 13:42:47'),
(376, '2016-01-11', '2015-10-28 13:42:47', '2015-10-28 13:42:47'),
(377, '2016-01-12', '2015-10-28 13:42:47', '2015-10-28 13:42:47'),
(378, '2016-01-13', '2015-10-28 13:42:47', '2015-10-28 13:42:47'),
(379, '2016-01-14', '2015-10-28 13:42:47', '2015-10-28 13:42:47'),
(380, '2016-01-15', '2015-10-28 13:42:47', '2015-10-28 13:42:47'),
(381, '2016-01-16', '2015-10-28 13:42:47', '2015-10-28 13:42:47'),
(382, '2016-01-17', '2015-10-28 13:42:47', '2015-10-28 13:42:47'),
(383, '2016-01-18', '2015-10-28 13:42:47', '2015-10-28 13:42:47'),
(384, '2016-01-19', '2015-10-28 13:42:47', '2015-10-28 13:42:47'),
(385, '2016-01-20', '2015-10-28 13:42:47', '2015-10-28 13:42:47'),
(386, '2016-01-21', '2015-10-28 13:42:47', '2015-10-28 13:42:47'),
(387, '2016-01-22', '2015-10-28 13:42:47', '2015-10-28 13:42:47'),
(388, '2016-01-23', '2015-10-28 13:42:47', '2015-10-28 13:42:47'),
(389, '2016-01-24', '2015-10-28 13:42:47', '2015-10-28 13:42:47'),
(390, '2016-01-25', '2015-10-28 13:42:47', '2015-10-28 13:42:47'),
(391, '2016-01-26', '2015-10-28 13:42:47', '2015-10-28 13:42:47'),
(392, '2016-01-27', '2015-10-28 13:42:47', '2015-10-28 13:42:47'),
(393, '2016-01-28', '2015-10-28 13:42:47', '2015-10-28 13:42:47'),
(394, '2016-01-29', '2015-10-28 13:42:47', '2015-10-28 13:42:47'),
(395, '2016-01-30', '2015-10-28 13:42:47', '2015-10-28 13:42:47'),
(396, '2016-01-31', '2015-10-28 13:42:47', '2015-10-28 13:42:47'),
(397, '2016-02-01', '2015-10-28 13:42:48', '2015-10-28 13:42:48'),
(398, '2016-02-02', '2015-10-28 13:42:48', '2015-10-28 13:42:48'),
(399, '2016-02-03', '2015-10-28 13:42:48', '2015-10-28 13:42:48'),
(400, '2016-02-04', '2015-10-28 13:42:48', '2015-10-28 13:42:48'),
(401, '2016-02-05', '2015-10-28 13:42:48', '2015-10-28 13:42:48'),
(402, '2016-02-06', '2015-10-28 13:42:48', '2015-10-28 13:42:48'),
(403, '2016-02-07', '2015-10-28 13:42:48', '2015-10-28 13:42:48'),
(404, '2016-02-08', '2015-10-28 13:42:48', '2015-10-28 13:42:48'),
(405, '2016-02-09', '2015-10-28 13:42:48', '2015-10-28 13:42:48'),
(406, '2016-02-10', '2015-10-28 13:42:48', '2015-10-28 13:42:48'),
(407, '2016-02-11', '2015-10-28 13:42:48', '2015-10-28 13:42:48'),
(408, '2016-02-12', '2015-10-28 13:42:48', '2015-10-28 13:42:48'),
(409, '2016-02-13', '2015-10-28 13:42:48', '2015-10-28 13:42:48'),
(410, '2016-02-14', '2015-10-28 13:42:48', '2015-10-28 13:42:48'),
(411, '2016-02-15', '2015-10-28 13:42:48', '2015-10-28 13:42:48'),
(412, '2016-02-16', '2015-10-28 13:42:48', '2015-10-28 13:42:48'),
(413, '2016-02-17', '2015-10-28 13:42:48', '2015-10-28 13:42:48'),
(414, '2016-02-18', '2015-10-28 13:42:48', '2015-10-28 13:42:48'),
(415, '2016-02-19', '2015-10-28 13:42:48', '2015-10-28 13:42:48'),
(416, '2016-02-20', '2015-10-28 13:42:48', '2015-10-28 13:42:48'),
(417, '2016-02-21', '2015-10-28 13:42:48', '2015-10-28 13:42:48'),
(418, '2016-02-22', '2015-10-28 13:42:48', '2015-10-28 13:42:48'),
(419, '2016-02-23', '2015-10-28 13:42:48', '2015-10-28 13:42:48'),
(420, '2016-02-24', '2015-10-28 13:42:48', '2015-10-28 13:42:48'),
(421, '2016-02-25', '2015-10-28 13:42:48', '2015-10-28 13:42:48'),
(422, '2016-02-26', '2015-10-28 13:42:49', '2015-10-28 13:42:49'),
(423, '2016-02-27', '2015-10-28 13:42:49', '2015-10-28 13:42:49'),
(424, '2016-02-28', '2015-10-28 13:42:49', '2015-10-28 13:42:49'),
(425, '2016-02-29', '2015-10-28 13:42:49', '2015-10-28 13:42:49'),
(426, '2016-03-01', '2015-10-28 13:42:49', '2015-10-28 13:42:49'),
(427, '2016-03-02', '2015-10-28 13:42:49', '2015-10-28 13:42:49'),
(428, '2016-03-03', '2015-10-28 13:42:49', '2015-10-28 13:42:49'),
(429, '2016-03-04', '2015-10-28 13:42:49', '2015-10-28 13:42:49'),
(430, '2016-03-05', '2015-10-28 13:42:49', '2015-10-28 13:42:49'),
(431, '2016-03-06', '2015-10-28 13:42:49', '2015-10-28 13:42:49'),
(432, '2016-03-07', '2015-10-28 13:42:49', '2015-10-28 13:42:49'),
(433, '2016-03-08', '2015-10-28 13:42:49', '2015-10-28 13:42:49'),
(434, '2016-03-09', '2015-10-28 13:42:49', '2015-10-28 13:42:49'),
(435, '2016-03-10', '2015-10-28 13:42:49', '2015-10-28 13:42:49'),
(436, '2016-03-11', '2015-10-28 13:42:49', '2015-10-28 13:42:49'),
(437, '2016-03-12', '2015-10-28 13:42:49', '2015-10-28 13:42:49'),
(438, '2016-03-13', '2015-10-28 13:42:49', '2015-10-28 13:42:49'),
(439, '2016-03-14', '2015-10-28 13:42:49', '2015-10-28 13:42:49'),
(440, '2016-03-15', '2015-10-28 13:42:49', '2015-10-28 13:42:49'),
(441, '2016-03-16', '2015-10-28 13:42:49', '2015-10-28 13:42:49'),
(442, '2016-03-17', '2015-10-28 13:42:49', '2015-10-28 13:42:49'),
(443, '2016-03-18', '2015-10-28 13:42:49', '2015-10-28 13:42:49'),
(444, '2016-03-19', '2015-10-28 13:42:49', '2015-10-28 13:42:49'),
(445, '2016-03-20', '2015-10-28 13:42:49', '2015-10-28 13:42:49'),
(446, '2016-03-21', '2015-10-28 13:42:49', '2015-10-28 13:42:49'),
(447, '2016-03-22', '2015-10-28 13:42:49', '2015-10-28 13:42:49'),
(448, '2016-03-23', '2015-10-28 13:42:50', '2015-10-28 13:42:50'),
(449, '2016-03-24', '2015-10-28 13:42:50', '2015-10-28 13:42:50'),
(450, '2016-03-25', '2015-10-28 13:42:50', '2015-10-28 13:42:50'),
(451, '2016-03-26', '2015-10-28 13:42:50', '2015-10-28 13:42:50'),
(452, '2016-03-27', '2015-10-28 13:42:50', '2015-10-28 13:42:50'),
(453, '2016-03-28', '2015-10-28 13:42:50', '2015-10-28 13:42:50'),
(454, '2016-03-29', '2015-10-28 13:42:50', '2015-10-28 13:42:50'),
(455, '2016-03-30', '2015-10-28 13:42:50', '2015-10-28 13:42:50'),
(456, '2016-03-31', '2015-10-28 13:42:50', '2015-10-28 13:42:50'),
(457, '2016-04-01', '2015-10-28 13:42:50', '2015-10-28 13:42:50'),
(458, '2016-04-02', '2015-10-28 13:42:50', '2015-10-28 13:42:50'),
(459, '2016-04-03', '2015-10-28 13:42:50', '2015-10-28 13:42:50'),
(460, '2016-04-04', '2015-10-28 13:42:50', '2015-10-28 13:42:50'),
(461, '2016-04-05', '2015-10-28 13:42:50', '2015-10-28 13:42:50'),
(462, '2016-04-06', '2015-10-28 13:42:50', '2015-10-28 13:42:50'),
(463, '2016-04-07', '2015-10-28 13:42:50', '2015-10-28 13:42:50'),
(464, '2016-04-08', '2015-10-28 13:42:50', '2015-10-28 13:42:50'),
(465, '2016-04-09', '2015-10-28 13:42:50', '2015-10-28 13:42:50'),
(466, '2016-04-10', '2015-10-28 13:42:50', '2015-10-28 13:42:50'),
(467, '2016-04-11', '2015-10-28 13:42:50', '2015-10-28 13:42:50'),
(468, '2016-04-12', '2015-10-28 13:42:50', '2015-10-28 13:42:50'),
(469, '2016-04-13', '2015-10-28 13:42:50', '2015-10-28 13:42:50'),
(470, '2016-04-14', '2015-10-28 13:42:50', '2015-10-28 13:42:50'),
(471, '2016-04-15', '2015-10-28 13:42:50', '2015-10-28 13:42:50'),
(472, '2016-04-16', '2015-10-28 13:42:50', '2015-10-28 13:42:50'),
(473, '2016-04-17', '2015-10-28 13:42:50', '2015-10-28 13:42:50'),
(474, '2016-04-18', '2015-10-28 13:42:50', '2015-10-28 13:42:50'),
(475, '2016-04-19', '2015-10-28 13:42:51', '2015-10-28 13:42:51'),
(476, '2016-04-20', '2015-10-28 13:42:51', '2015-10-28 13:42:51'),
(477, '2016-04-21', '2015-10-28 13:42:51', '2015-10-28 13:42:51'),
(478, '2016-04-22', '2015-10-28 13:42:51', '2015-10-28 13:42:51'),
(479, '2016-04-23', '2015-10-28 13:42:51', '2015-10-28 13:42:51'),
(480, '2016-04-24', '2015-10-28 13:42:51', '2015-10-28 13:42:51'),
(481, '2016-04-25', '2015-10-28 13:42:51', '2015-10-28 13:42:51'),
(482, '2016-04-26', '2015-10-28 13:42:51', '2015-10-28 13:42:51'),
(483, '2016-04-27', '2015-10-28 13:42:51', '2015-10-28 13:42:51'),
(484, '2016-04-28', '2015-10-28 13:42:51', '2015-10-28 13:42:51'),
(485, '2016-04-29', '2015-10-28 13:42:51', '2015-10-28 13:42:51'),
(486, '2016-04-30', '2015-10-28 13:42:51', '2015-10-28 13:42:51'),
(487, '2016-05-01', '2015-10-28 13:42:51', '2015-10-28 13:42:51'),
(488, '2016-05-02', '2015-10-28 13:42:51', '2015-10-28 13:42:51'),
(489, '2016-05-03', '2015-10-28 13:42:51', '2015-10-28 13:42:51'),
(490, '2016-05-04', '2015-10-28 13:42:51', '2015-10-28 13:42:51'),
(491, '2016-05-05', '2015-10-28 13:42:51', '2015-10-28 13:42:51'),
(492, '2016-05-06', '2015-10-28 13:42:51', '2015-10-28 13:42:51'),
(493, '2016-05-07', '2015-10-28 13:42:51', '2015-10-28 13:42:51'),
(494, '2016-05-08', '2015-10-28 13:42:51', '2015-10-28 13:42:51'),
(495, '2016-05-09', '2015-10-28 13:42:51', '2015-10-28 13:42:51'),
(496, '2016-05-10', '2015-10-28 13:42:51', '2015-10-28 13:42:51'),
(497, '2016-05-11', '2015-10-28 13:42:51', '2015-10-28 13:42:51'),
(498, '2016-05-12', '2015-10-28 13:42:51', '2015-10-28 13:42:51'),
(499, '2016-05-13', '2015-10-28 13:42:51', '2015-10-28 13:42:51'),
(500, '2016-05-14', '2015-10-28 13:42:51', '2015-10-28 13:42:51'),
(501, '2016-05-15', '2015-10-28 13:42:51', '2015-10-28 13:42:51'),
(502, '2016-05-16', '2015-10-28 13:42:52', '2015-10-28 13:42:52'),
(503, '2016-05-17', '2015-10-28 13:42:52', '2015-10-28 13:42:52'),
(504, '2016-05-18', '2015-10-28 13:42:52', '2015-10-28 13:42:52'),
(505, '2016-05-19', '2015-10-28 13:42:52', '2015-10-28 13:42:52'),
(506, '2016-05-20', '2015-10-28 13:42:52', '2015-10-28 13:42:52'),
(507, '2016-05-21', '2015-10-28 13:42:52', '2015-10-28 13:42:52'),
(508, '2016-05-22', '2015-10-28 13:42:52', '2015-10-28 13:42:52'),
(509, '2016-05-23', '2015-10-28 13:42:52', '2015-10-28 13:42:52'),
(510, '2016-05-24', '2015-10-28 13:42:52', '2015-10-28 13:42:52'),
(511, '2016-05-25', '2015-10-28 13:42:52', '2015-10-28 13:42:52'),
(512, '2016-05-26', '2015-10-28 13:42:52', '2015-10-28 13:42:52'),
(513, '2016-05-27', '2015-10-28 13:42:52', '2015-10-28 13:42:52'),
(514, '2016-05-28', '2015-10-28 13:42:52', '2015-10-28 13:42:52'),
(515, '2016-05-29', '2015-10-28 13:42:52', '2015-10-28 13:42:52'),
(516, '2016-05-30', '2015-10-28 13:42:52', '2015-10-28 13:42:52'),
(517, '2016-05-31', '2015-10-28 13:42:52', '2015-10-28 13:42:52'),
(518, '2016-06-01', '2015-10-28 13:42:52', '2015-10-28 13:42:52'),
(519, '2016-06-02', '2015-10-28 13:42:52', '2015-10-28 13:42:52'),
(520, '2016-06-03', '2015-10-28 13:42:52', '2015-10-28 13:42:52'),
(521, '2016-06-04', '2015-10-28 13:42:52', '2015-10-28 13:42:52'),
(522, '2016-06-05', '2015-10-28 13:42:52', '2015-10-28 13:42:52'),
(523, '2016-06-06', '2015-10-28 13:42:52', '2015-10-28 13:42:52'),
(524, '2016-06-07', '2015-10-28 13:42:52', '2015-10-28 13:42:52'),
(525, '2016-06-08', '2015-10-28 13:42:52', '2015-10-28 13:42:52'),
(526, '2016-06-09', '2015-10-28 13:42:52', '2015-10-28 13:42:52'),
(527, '2016-06-10', '2015-10-28 13:42:52', '2015-10-28 13:42:52'),
(528, '2016-06-11', '2015-10-28 13:42:52', '2015-10-28 13:42:52'),
(529, '2016-06-12', '2015-10-28 13:42:53', '2015-10-28 13:42:53'),
(530, '2016-06-13', '2015-10-28 13:42:53', '2015-10-28 13:42:53'),
(531, '2016-06-14', '2015-10-28 13:42:53', '2015-10-28 13:42:53'),
(532, '2016-06-15', '2015-10-28 13:42:53', '2015-10-28 13:42:53'),
(533, '2016-06-16', '2015-10-28 13:42:53', '2015-10-28 13:42:53'),
(534, '2016-06-17', '2015-10-28 13:42:53', '2015-10-28 13:42:53'),
(535, '2016-06-18', '2015-10-28 13:42:53', '2015-10-28 13:42:53'),
(536, '2016-06-19', '2015-10-28 13:42:53', '2015-10-28 13:42:53'),
(537, '2016-06-20', '2015-10-28 13:42:53', '2015-10-28 13:42:53'),
(538, '2016-06-21', '2015-10-28 13:42:53', '2015-10-28 13:42:53'),
(539, '2016-06-22', '2015-10-28 13:42:53', '2015-10-28 13:42:53'),
(540, '2016-06-23', '2015-10-28 13:42:53', '2015-10-28 13:42:53'),
(541, '2016-06-24', '2015-10-28 13:42:53', '2015-10-28 13:42:53'),
(542, '2016-06-25', '2015-10-28 13:42:53', '2015-10-28 13:42:53'),
(543, '2016-06-26', '2015-10-28 13:42:53', '2015-10-28 13:42:53'),
(544, '2016-06-27', '2015-10-28 13:42:53', '2015-10-28 13:42:53'),
(545, '2016-06-28', '2015-10-28 13:42:53', '2015-10-28 13:42:53'),
(546, '2016-06-29', '2015-10-28 13:42:53', '2015-10-28 13:42:53'),
(547, '2016-06-30', '2015-10-28 13:42:53', '2015-10-28 13:42:53'),
(548, '2016-07-01', '2015-10-28 13:42:53', '2015-10-28 13:42:53'),
(549, '2016-07-02', '2015-10-28 13:42:53', '2015-10-28 13:42:53'),
(550, '2016-07-03', '2015-10-28 13:42:53', '2015-10-28 13:42:53'),
(551, '2016-07-04', '2015-10-28 13:42:53', '2015-10-28 13:42:53'),
(552, '2016-07-05', '2015-10-28 13:42:53', '2015-10-28 13:42:53'),
(553, '2016-07-06', '2015-10-28 13:42:53', '2015-10-28 13:42:53'),
(554, '2016-07-07', '2015-10-28 13:42:53', '2015-10-28 13:42:53'),
(555, '2016-07-08', '2015-10-28 13:42:53', '2015-10-28 13:42:53'),
(556, '2016-07-09', '2015-10-28 13:42:53', '2015-10-28 13:42:53'),
(557, '2016-07-10', '2015-10-28 13:42:54', '2015-10-28 13:42:54'),
(558, '2016-07-11', '2015-10-28 13:42:54', '2015-10-28 13:42:54'),
(559, '2016-07-12', '2015-10-28 13:42:54', '2015-10-28 13:42:54'),
(560, '2016-07-13', '2015-10-28 13:42:54', '2015-10-28 13:42:54'),
(561, '2016-07-14', '2015-10-28 13:42:54', '2015-10-28 13:42:54'),
(562, '2016-07-15', '2015-10-28 13:42:54', '2015-10-28 13:42:54'),
(563, '2016-07-16', '2015-10-28 13:42:54', '2015-10-28 13:42:54'),
(564, '2016-07-17', '2015-10-28 13:42:54', '2015-10-28 13:42:54'),
(565, '2016-07-18', '2015-10-28 13:42:54', '2015-10-28 13:42:54'),
(566, '2016-07-19', '2015-10-28 13:42:54', '2015-10-28 13:42:54'),
(567, '2016-07-20', '2015-10-28 13:42:54', '2015-10-28 13:42:54'),
(568, '2016-07-21', '2015-10-28 13:42:54', '2015-10-28 13:42:54'),
(569, '2016-07-22', '2015-10-28 13:42:54', '2015-10-28 13:42:54'),
(570, '2016-07-23', '2015-10-28 13:42:54', '2015-10-28 13:42:54'),
(571, '2016-07-24', '2015-10-28 13:42:54', '2015-10-28 13:42:54'),
(572, '2016-07-25', '2015-10-28 13:42:54', '2015-10-28 13:42:54'),
(573, '2016-07-26', '2015-10-28 13:42:54', '2015-10-28 13:42:54'),
(574, '2016-07-27', '2015-10-28 13:42:54', '2015-10-28 13:42:54'),
(575, '2016-07-28', '2015-10-28 13:42:54', '2015-10-28 13:42:54'),
(576, '2016-07-29', '2015-10-28 13:42:54', '2015-10-28 13:42:54'),
(577, '2016-07-30', '2015-10-28 13:42:54', '2015-10-28 13:42:54'),
(578, '2016-07-31', '2015-10-28 13:42:54', '2015-10-28 13:42:54'),
(579, '2016-08-01', '2015-10-28 13:42:54', '2015-10-28 13:42:54'),
(580, '2016-08-02', '2015-10-28 13:42:54', '2015-10-28 13:42:54'),
(581, '2016-08-03', '2015-10-28 13:42:54', '2015-10-28 13:42:54'),
(582, '2016-08-04', '2015-10-28 13:42:54', '2015-10-28 13:42:54'),
(583, '2016-08-05', '2015-10-28 13:42:55', '2015-10-28 13:42:55'),
(584, '2016-08-06', '2015-10-28 13:42:55', '2015-10-28 13:42:55'),
(585, '2016-08-07', '2015-10-28 13:42:55', '2015-10-28 13:42:55'),
(586, '2016-08-08', '2015-10-28 13:42:55', '2015-10-28 13:42:55'),
(587, '2016-08-09', '2015-10-28 13:42:55', '2015-10-28 13:42:55'),
(588, '2016-08-10', '2015-10-28 13:42:55', '2015-10-28 13:42:55'),
(589, '2016-08-11', '2015-10-28 13:42:55', '2015-10-28 13:42:55'),
(590, '2016-08-12', '2015-10-28 13:42:55', '2015-10-28 13:42:55'),
(591, '2016-08-13', '2015-10-28 13:42:55', '2015-10-28 13:42:55'),
(592, '2016-08-14', '2015-10-28 13:42:55', '2015-10-28 13:42:55'),
(593, '2016-08-15', '2015-10-28 13:42:55', '2015-10-28 13:42:55'),
(594, '2016-08-16', '2015-10-28 13:42:55', '2015-10-28 13:42:55'),
(595, '2016-08-17', '2015-10-28 13:42:55', '2015-10-28 13:42:55'),
(596, '2016-08-18', '2015-10-28 13:42:55', '2015-10-28 13:42:55'),
(597, '2016-08-19', '2015-10-28 13:42:55', '2015-10-28 13:42:55'),
(598, '2016-08-20', '2015-10-28 13:42:55', '2015-10-28 13:42:55'),
(599, '2016-08-21', '2015-10-28 13:42:55', '2015-10-28 13:42:55'),
(600, '2016-08-22', '2015-10-28 13:42:55', '2015-10-28 13:42:55'),
(601, '2016-08-23', '2015-10-28 13:42:55', '2015-10-28 13:42:55'),
(602, '2016-08-24', '2015-10-28 13:42:55', '2015-10-28 13:42:55'),
(603, '2016-08-25', '2015-10-28 13:42:55', '2015-10-28 13:42:55'),
(604, '2016-08-26', '2015-10-28 13:42:55', '2015-10-28 13:42:55'),
(605, '2016-08-27', '2015-10-28 13:42:55', '2015-10-28 13:42:55'),
(606, '2016-08-28', '2015-10-28 13:42:55', '2015-10-28 13:42:55'),
(607, '2016-08-29', '2015-10-28 13:42:55', '2015-10-28 13:42:55'),
(608, '2016-08-30', '2015-10-28 13:42:55', '2015-10-28 13:42:55'),
(609, '2016-08-31', '2015-10-28 13:42:55', '2015-10-28 13:42:55'),
(610, '2016-09-01', '2015-10-28 13:42:55', '2015-10-28 13:42:55'),
(611, '2016-09-02', '2015-10-28 13:42:56', '2015-10-28 13:42:56'),
(612, '2016-09-03', '2015-10-28 13:42:56', '2015-10-28 13:42:56'),
(613, '2016-09-04', '2015-10-28 13:42:56', '2015-10-28 13:42:56'),
(614, '2016-09-05', '2015-10-28 13:42:56', '2015-10-28 13:42:56'),
(615, '2016-09-06', '2015-10-28 13:42:56', '2015-10-28 13:42:56'),
(616, '2016-09-07', '2015-10-28 13:42:56', '2015-10-28 13:42:56'),
(617, '2016-09-08', '2015-10-28 13:42:56', '2015-10-28 13:42:56'),
(618, '2016-09-09', '2015-10-28 13:42:56', '2015-10-28 13:42:56'),
(619, '2016-09-10', '2015-10-28 13:42:56', '2015-10-28 13:42:56'),
(620, '2016-09-11', '2015-10-28 13:42:56', '2015-10-28 13:42:56'),
(621, '2016-09-12', '2015-10-28 13:42:56', '2015-10-28 13:42:56'),
(622, '2016-09-13', '2015-10-28 13:42:56', '2015-10-28 13:42:56'),
(623, '2016-09-14', '2015-10-28 13:42:56', '2015-10-28 13:42:56'),
(624, '2016-09-15', '2015-10-28 13:42:56', '2015-10-28 13:42:56'),
(625, '2016-09-16', '2015-10-28 13:42:56', '2015-10-28 13:42:56'),
(626, '2016-09-17', '2015-10-28 13:42:56', '2015-10-28 13:42:56'),
(627, '2016-09-18', '2015-10-28 13:42:56', '2015-10-28 13:42:56'),
(628, '2016-09-19', '2015-10-28 13:42:56', '2015-10-28 13:42:56'),
(629, '2016-09-20', '2015-10-28 13:42:56', '2015-10-28 13:42:56'),
(630, '2016-09-21', '2015-10-28 13:42:56', '2015-10-28 13:42:56'),
(631, '2016-09-22', '2015-10-28 13:42:56', '2015-10-28 13:42:56'),
(632, '2016-09-23', '2015-10-28 13:42:56', '2015-10-28 13:42:56'),
(633, '2016-09-24', '2015-10-28 13:42:56', '2015-10-28 13:42:56'),
(634, '2016-09-25', '2015-10-28 13:42:56', '2015-10-28 13:42:56'),
(635, '2016-09-26', '2015-10-28 13:42:56', '2015-10-28 13:42:56'),
(636, '2016-09-27', '2015-10-28 13:42:56', '2015-10-28 13:42:56'),
(637, '2016-09-28', '2015-10-28 13:42:57', '2015-10-28 13:42:57'),
(638, '2016-09-29', '2015-10-28 13:42:57', '2015-10-28 13:42:57'),
(639, '2016-09-30', '2015-10-28 13:42:57', '2015-10-28 13:42:57'),
(640, '2016-10-01', '2015-10-28 13:42:57', '2015-10-28 13:42:57'),
(641, '2016-10-02', '2015-10-28 13:42:57', '2015-10-28 13:42:57'),
(642, '2016-10-03', '2015-10-28 13:42:57', '2015-10-28 13:42:57'),
(643, '2016-10-04', '2015-10-28 13:42:57', '2015-10-28 13:42:57'),
(644, '2016-10-05', '2015-10-28 13:42:57', '2015-10-28 13:42:57'),
(645, '2016-10-06', '2015-10-28 13:42:57', '2015-10-28 13:42:57'),
(646, '2016-10-07', '2015-10-28 13:42:57', '2015-10-28 13:42:57'),
(647, '2016-10-08', '2015-10-28 13:42:57', '2015-10-28 13:42:57'),
(648, '2016-10-09', '2015-10-28 13:42:57', '2015-10-28 13:42:57'),
(649, '2016-10-10', '2015-10-28 13:42:57', '2015-10-28 13:42:57'),
(650, '2016-10-11', '2015-10-28 13:42:57', '2015-10-28 13:42:57'),
(651, '2016-10-12', '2015-10-28 13:42:57', '2015-10-28 13:42:57'),
(652, '2016-10-13', '2015-10-28 13:42:57', '2015-10-28 13:42:57'),
(653, '2016-10-14', '2015-10-28 13:42:57', '2015-10-28 13:42:57'),
(654, '2016-10-15', '2015-10-28 13:42:57', '2015-10-28 13:42:57'),
(655, '2016-10-16', '2015-10-28 13:42:57', '2015-10-28 13:42:57'),
(656, '2016-10-17', '2015-10-28 13:42:57', '2015-10-28 13:42:57'),
(657, '2016-10-18', '2015-10-28 13:42:57', '2015-10-28 13:42:57'),
(658, '2016-10-19', '2015-10-28 13:42:57', '2015-10-28 13:42:57'),
(659, '2016-10-20', '2015-10-28 13:42:57', '2015-10-28 13:42:57'),
(660, '2016-10-21', '2015-10-28 13:42:57', '2015-10-28 13:42:57'),
(661, '2016-10-22', '2015-10-28 13:42:57', '2015-10-28 13:42:57'),
(662, '2016-10-23', '2015-10-28 13:42:57', '2015-10-28 13:42:57'),
(663, '2016-10-24', '2015-10-28 13:42:57', '2015-10-28 13:42:57'),
(664, '2016-10-25', '2015-10-28 13:42:57', '2015-10-28 13:42:57'),
(665, '2016-10-26', '2015-10-28 13:42:58', '2015-10-28 13:42:58'),
(666, '2016-10-27', '2015-10-28 13:42:58', '2015-10-28 13:42:58'),
(667, '2016-10-28', '2015-10-28 13:42:58', '2015-10-28 13:42:58'),
(668, '2016-10-29', '2015-10-28 13:42:58', '2015-10-28 13:42:58'),
(669, '2016-10-30', '2015-10-28 13:42:58', '2015-10-28 13:42:58'),
(670, '2016-10-31', '2015-10-28 13:42:58', '2015-10-28 13:42:58'),
(671, '2016-11-01', '2015-10-28 13:42:58', '2015-10-28 13:42:58'),
(672, '2016-11-02', '2015-10-28 13:42:58', '2015-10-28 13:42:58'),
(673, '2016-11-03', '2015-10-28 13:42:58', '2015-10-28 13:42:58'),
(674, '2016-11-04', '2015-10-28 13:42:58', '2015-10-28 13:42:58'),
(675, '2016-11-05', '2015-10-28 13:42:58', '2015-10-28 13:42:58'),
(676, '2016-11-06', '2015-10-28 13:42:58', '2015-10-28 13:42:58'),
(677, '2016-11-07', '2015-10-28 13:42:58', '2015-10-28 13:42:58'),
(678, '2016-11-08', '2015-10-28 13:42:58', '2015-10-28 13:42:58'),
(679, '2016-11-09', '2015-10-28 13:42:58', '2015-10-28 13:42:58'),
(680, '2016-11-10', '2015-10-28 13:42:58', '2015-10-28 13:42:58'),
(681, '2016-11-11', '2015-10-28 13:42:58', '2015-10-28 13:42:58'),
(682, '2016-11-12', '2015-10-28 13:42:58', '2015-10-28 13:42:58'),
(683, '2016-11-13', '2015-10-28 13:42:58', '2015-10-28 13:42:58'),
(684, '2016-11-14', '2015-10-28 13:42:58', '2015-10-28 13:42:58'),
(685, '2016-11-15', '2015-10-28 13:42:58', '2015-10-28 13:42:58'),
(686, '2016-11-16', '2015-10-28 13:42:58', '2015-10-28 13:42:58'),
(687, '2016-11-17', '2015-10-28 13:42:58', '2015-10-28 13:42:58'),
(688, '2016-11-18', '2015-10-28 13:42:58', '2015-10-28 13:42:58'),
(689, '2016-11-19', '2015-10-28 13:42:58', '2015-10-28 13:42:58'),
(690, '2016-11-20', '2015-10-28 13:42:58', '2015-10-28 13:42:58'),
(691, '2016-11-21', '2015-10-28 13:42:58', '2015-10-28 13:42:58'),
(692, '2016-11-22', '2015-10-28 13:42:59', '2015-10-28 13:42:59'),
(693, '2016-11-23', '2015-10-28 13:42:59', '2015-10-28 13:42:59'),
(694, '2016-11-24', '2015-10-28 13:42:59', '2015-10-28 13:42:59'),
(695, '2016-11-25', '2015-10-28 13:42:59', '2015-10-28 13:42:59'),
(696, '2016-11-26', '2015-10-28 13:42:59', '2015-10-28 13:42:59'),
(697, '2016-11-27', '2015-10-28 13:42:59', '2015-10-28 13:42:59'),
(698, '2016-11-28', '2015-10-28 13:42:59', '2015-10-28 13:42:59'),
(699, '2016-11-29', '2015-10-28 13:42:59', '2015-10-28 13:42:59'),
(700, '2016-11-30', '2015-10-28 13:42:59', '2015-10-28 13:42:59'),
(701, '2016-12-01', '2015-10-28 13:42:59', '2015-10-28 13:42:59'),
(702, '2016-12-02', '2015-10-28 13:42:59', '2015-10-28 13:42:59'),
(703, '2016-12-03', '2015-10-28 13:42:59', '2015-10-28 13:42:59'),
(704, '2016-12-04', '2015-10-28 13:42:59', '2015-10-28 13:42:59'),
(705, '2016-12-05', '2015-10-28 13:42:59', '2015-10-28 13:42:59'),
(706, '2016-12-06', '2015-10-28 13:42:59', '2015-10-28 13:42:59'),
(707, '2016-12-07', '2015-10-28 13:42:59', '2015-10-28 13:42:59'),
(708, '2016-12-08', '2015-10-28 13:42:59', '2015-10-28 13:42:59'),
(709, '2016-12-09', '2015-10-28 13:42:59', '2015-10-28 13:42:59'),
(710, '2016-12-10', '2015-10-28 13:42:59', '2015-10-28 13:42:59'),
(711, '2016-12-11', '2015-10-28 13:43:00', '2015-10-28 13:43:00'),
(712, '2016-12-12', '2015-10-28 13:43:00', '2015-10-28 13:43:00'),
(713, '2016-12-13', '2015-10-28 13:43:00', '2015-10-28 13:43:00'),
(714, '2016-12-14', '2015-10-28 13:43:00', '2015-10-28 13:43:00'),
(715, '2016-12-15', '2015-10-28 13:43:00', '2015-10-28 13:43:00'),
(716, '2016-12-16', '2015-10-28 13:43:00', '2015-10-28 13:43:00'),
(717, '2016-12-17', '2015-10-28 13:43:00', '2015-10-28 13:43:00'),
(718, '2016-12-18', '2015-10-28 13:43:00', '2015-10-28 13:43:00'),
(719, '2016-12-19', '2015-10-28 13:43:00', '2015-10-28 13:43:00'),
(720, '2016-12-20', '2015-10-28 13:43:00', '2015-10-28 13:43:00'),
(721, '2016-12-21', '2015-10-28 13:43:00', '2015-10-28 13:43:00'),
(722, '2016-12-22', '2015-10-28 13:43:00', '2015-10-28 13:43:00'),
(723, '2016-12-23', '2015-10-28 13:43:00', '2015-10-28 13:43:00'),
(724, '2016-12-24', '2015-10-28 13:43:00', '2015-10-28 13:43:00'),
(725, '2016-12-25', '2015-10-28 13:43:00', '2015-10-28 13:43:00'),
(726, '2016-12-26', '2015-10-28 13:43:00', '2015-10-28 13:43:00'),
(727, '2016-12-27', '2015-10-28 13:43:00', '2015-10-28 13:43:00'),
(728, '2016-12-28', '2015-10-28 13:43:00', '2015-10-28 13:43:00'),
(729, '2016-12-29', '2015-10-28 13:43:00', '2015-10-28 13:43:00'),
(730, '2016-12-30', '2015-10-28 13:43:00', '2015-10-28 13:43:00'),
(731, '2016-12-31', '2015-10-28 13:43:00', '2015-10-28 13:43:00');

-- --------------------------------------------------------

--
-- Table structure for table `users`
--

DROP TABLE IF EXISTS `users`;
CREATE TABLE IF NOT EXISTS `users` (
  `id` int(11) unsigned NOT NULL AUTO_INCREMENT,
  `role` tinyint(3) unsigned NOT NULL,
  `email` varchar(255) NOT NULL,
  `password` varchar(255) NOT NULL,
  `name` varchar(255) NOT NULL,
  `surname` varchar(255) NOT NULL,
  `sex` varchar(255) NOT NULL,
  `dateofbirth` date NOT NULL,
  `cf` varchar(255) NOT NULL,
  `address` varchar(255) NOT NULL,
  `city` varchar(255) NOT NULL,
  `postalcode` varchar(255) NOT NULL,
  `province` varchar(255) NOT NULL,
  `country` varchar(255) NOT NULL,
  `telephone1` varchar(255) NOT NULL,
  `telephone2` varchar(255) DEFAULT NULL,
  `medicalrecord_id` int(11) unsigned DEFAULT NULL,
  `ct` varchar(255) DEFAULT NULL,
  `type` varchar(255) DEFAULT NULL,
  `salary` int(11) unsigned DEFAULT NULL,
  `specialization` varchar(255) DEFAULT NULL,
  `user_id` int(11) unsigned DEFAULT NULL,
  `created` datetime NOT NULL DEFAULT CURRENT_TIMESTAMP,
  `modified` datetime NOT NULL DEFAULT CURRENT_TIMESTAMP ON UPDATE CURRENT_TIMESTAMP,
  PRIMARY KEY (`id`),
  UNIQUE KEY `email` (`email`),
  UNIQUE KEY `password` (`password`),
  UNIQUE KEY `cf` (`cf`)
) ENGINE=InnoDB  DEFAULT CHARSET=utf8 AUTO_INCREMENT=22 ;

--
-- Dumping data for table `users`
--

INSERT INTO `users` (`id`, `role`, `email`, `password`, `name`, `surname`, `sex`, `dateofbirth`, `cf`, `address`, `city`, `postalcode`, `province`, `country`, `telephone1`, `telephone2`, `medicalrecord_id`, `ct`, `type`, `salary`, `specialization`, `user_id`, `created`, `modified`) VALUES
(3, 0, 'andreafabbri@gmai.com', '$2y$10$cz3VrBIsQdxu6.PcoKqNu..zYZWn7N/FuV89bfPZZro6KC3i0iJj6', 'Andrea', 'Fabbri', 'M', '1988-05-18', 'MRTSCH92C02S467C', 'via del cane 16', 'Cesenatico', '45364', 'FC', 'Italia', '12135', '', NULL, '88999512', '0', NULL, '', NULL, '2015-09-29 16:52:46', '2015-10-05 10:23:22'),
(5, 1, 'paolokessi@gmail.com', '$2y$10$CKVS2UPd06B//jyNDIjByugtIWTGsGJVhF8s2KlVVh3LiAst1S.le', 'Paolo', 'Kessi', 'M', '1989-09-30', 'MRTSCH92C02C573K', 'via dei Mulini 23', 'Savignano Sul Rubicone', '65654', 'FC', 'Italia', '64641', '413241321', NULL, '515465654', 'Doctor', 1300, 'Cardiochirurgia', 3, '2015-09-30 14:40:35', '2015-10-28 09:31:35'),
(6, 0, 'sachamuratori@gmail.com', '$2y$10$K6n5m48bmb4Eo32wC7wEreW7bXfBXrH77qniIvOr91JA5ROwZgLqi', 'Sacha', 'Muratori', 'M', '1992-10-01', 'MRTSCH92C02C573L', 'Via torino 29', 'Savignano Sul Rubicone', '47039', 'FC', 'Italia', '05412445647', '', NULL, '', '0', NULL, '', NULL, '2015-10-01 09:53:27', '2015-10-01 09:57:20'),
(7, 1, 'andrearossi@gmail.com', '$2y$10$CYuGSqHSffV5mJ9F8FHLBuPLWgzac4OYVj112NbJSQDNAGZvMZaka', 'Andrea', 'Rossi', '0', '1977-10-01', 'ANDSAd', 'via dei Mulini 26', 'Gambettola', '885525', 'FC', 'Italia', '78945612', '', NULL, '', 'Nurse', 1200, '', 3, '2015-10-01 10:02:53', '2015-10-28 09:53:44'),
(8, 1, 'lucarossi@gmail.com', '$2y$10$QgJpQQ0etsjK.uroT1yVB.WDT2iH8cXJ14LPuKTxmSrYS9qNW2LJe', 'Lucas', 'Rossi', '0', '1988-10-01', 'ASDASFv', 'via del Tiglio 4', 'Gatteo', '78945', 'FC', 'Italia', '5123664', '', NULL, '', 'Janitor', 800, '', 3, '2015-10-01 10:04:34', '2015-10-28 09:53:52'),
(9, 2, 'gaiarossi@gmail.com', '$2y$10$/ruvA7mYZGKigc0vAP6ZoO9yyFd0rgVod0Ll2gfqbwVW/DHTkl3yW', 'Gaia', 'Rossi', 'F', '1988-10-01', 'LCRSS20123', 'Via dei Platani 413', 'Santarcangelo', '78961', 'RI', 'Italia', '0123649', '', 1, '4561234', '0', NULL, '', NULL, '2015-10-01 12:32:14', '2015-10-19 10:34:58'),
(11, 2, 'claudiobianchi@gmail.com', '$2y$10$SLhfmmlCAW2JSOfQRfpU9udZAGEz.p2pm.xQucpiuxCYUM38pohCS', 'Claudio', 'Bianchi', 'M', '1957-10-13', 'CLDBNC57123DSA8', 'Via dei Tulipani 14', 'Roma', '46123', 'RM', 'Italia', '78946123', '', 14, '75315986420', '0', NULL, '', NULL, '2015-10-13 13:33:53', '2015-10-19 09:54:46'),
(12, 1, 'lucabizza@gmail.com', '$2y$10$ja8G210T/6o08CH8ew8GPu3rDVvA4uVRjPFbts67N68BHfubINqI2', 'Luca', 'Bizza', 'M', '1966-06-12', 'LCABZZ342CDFK', 'Via del Papavero 8', 'Cesena', '45263', 'FC', 'Italia', '145867867', '', NULL, '', 'Doctor', 13500, 'Questo Dottore è specializzato in Gastroenterologia e Chirurgia', 6, '2015-10-18 15:26:12', '2015-10-27 13:55:47'),
(13, 1, 'alessandraverdi@gmail.com', '$2y$10$Zp9tt.BMHhco6Dw.SrwZzONKzod0HIeil6JO1GM3r8D5jgOnAxOTC', 'Alessandra', 'Verdi', 'F', '1989-07-10', 'ALSVRD12312DASD', 'Via Bianchi 28', 'Forli', '78961', 'FC', 'Italia', '054194457', '', NULL, '', 'Doctor', 4500, 'Questo Dottore è specializzato in Malattie Autoimmuni e Oncologia', 6, '2015-10-18 15:36:39', '2015-10-18 15:36:59'),
(15, 2, 'marcoparolo@gmail.com', '$2y$10$a8Gc43M2H4AxQApeWdgvJOhWVfhdjI45esQw1Aq1//46KMo93rAF6', 'Marco', 'Parolo', 'M', '1989-10-27', 'MRCPRL80C242LRS', 'Via della Primavera 4', 'Gatteo', '67743523', 'FC', 'Italia', '789132123', '', 18, '878789897879987', '0', NULL, '', 6, '2015-10-27 09:47:38', '2015-10-27 11:26:52'),
(16, 1, 'gianlucapico@gmail.com', '$2y$10$MWJYKfPN5oOTOyRcibVbpe6p137DuWZbauobST5cQYWEXQNouVY9W', 'Gianluca', 'Pico', 'M', '1985-03-23', 'GNLPCO123SAD234', 'Corso Perticari 9', 'San Mauro Pascoli', '45633', 'FC', 'Italia', '12446578', '', NULL, '', 'Nurse', 500, '', 3, '2015-10-28 09:26:55', '2015-10-28 09:33:07'),
(17, 1, 'giuliagasperoni@gmail.com', '$2y$10$QRFVLOjlKE7wGwL4qL2fte8HPuyOSFyQkNhuYyRKO4E6twHKeQsnC', 'Giulia Maria', 'Gasperoni', 'F', '1989-06-16', 'GGLGSP89C34SDS', 'Via dell''Estate Povera 3', 'Savignano Sul Rubicone', '47039', 'FC', 'Italia', '34598625302', '', NULL, '', 'Doctor', 5300, 'Questo Dottore è specializzato in Radiologia e Cardiologia. ', 6, '2015-10-28 13:27:33', '2015-10-28 13:27:33'),
(18, 1, 'samuelebertozzi@gmail.com', '$2y$10$yuPrGGB.i/lf7TCC/QNma.eupt.qQwr8WniobOyNgOk60R7r.cye6', 'Samuele', 'Bertozzi', 'M', '1982-03-10', 'SMLBRT9090SAC', 'Via dei Martiri 31', 'Cesena', '40253', 'FC', 'Italia', '889652354', '', NULL, '', 'Doctor', 12000, 'Questo Dottore è specializzato in Urologia e Virologia.', 6, '2015-10-28 13:29:52', '2015-10-28 13:29:52'),
(19, 1, 'danilolupini@gmail.com', '$2y$10$vmUR/7Pv.5h3Wq5w5elRfeu4GWpu0dHSTPNzWlYAZy2U3t3zzYzUm', 'Danilo', 'Lupini', 'M', '1968-01-02', 'DNLLPNC21CSA123', 'Via Saborno 89', 'Gatteo', '47859', 'FC', 'Italia', '3006565652', '', NULL, '', 'Doctor', 4000, 'Questo Dottore è specializzato in Anestesia, Rianimazione e Ortopedia', 6, '2015-10-28 13:32:56', '2015-10-28 13:32:56'),
(20, 1, 'marcoguarino@gmail.com', '$2y$10$wQPd1ozr2hXi71jATwy.w.WnNDVfsljpqYh2N96y5O4VEGB84W2Py', 'Marco', 'Guarino', 'M', '1983-03-31', 'MRCGRN90CSA132', 'Via del Bunpo 1', 'San Mauro Mare', '47852', 'FC', 'Italia', '3569812104', '', NULL, '', 'Janitor', 3098, '', 6, '2015-10-28 13:37:48', '2015-10-28 13:37:48'),
(21, 1, 'mariaeleonori@gmail.com', '$2y$10$REyuF9MyYVDaysJunLIQcuEZsQ4ppOAxSfCF1t.K.8QA7ULZNzKwG', 'Maria', 'Eleonori', 'F', '1983-11-30', 'MRAELNR21312CSA', 'Via corso Cavour 10', 'Rimini', '40025', 'RI', 'Italia', '89879456', '', NULL, '', 'Nurse', 8900, '', 6, '2015-10-28 13:40:05', '2015-10-28 13:40:05');

-- --------------------------------------------------------

--
-- Table structure for table `users_dailyturns`
--

DROP TABLE IF EXISTS `users_dailyturns`;
CREATE TABLE IF NOT EXISTS `users_dailyturns` (
  `id` int(11) unsigned NOT NULL AUTO_INCREMENT,
  `user_id` int(11) unsigned NOT NULL,
  `dailyturn_id` int(11) unsigned NOT NULL,
  `created` datetime NOT NULL DEFAULT CURRENT_TIMESTAMP,
  `modified` datetime NOT NULL DEFAULT CURRENT_TIMESTAMP ON UPDATE CURRENT_TIMESTAMP,
  PRIMARY KEY (`id`)
) ENGINE=InnoDB  DEFAULT CHARSET=utf8 AUTO_INCREMENT=817 ;

--
-- Dumping data for table `users_dailyturns`
--

INSERT INTO `users_dailyturns` (`id`, `user_id`, `dailyturn_id`, `created`, `modified`) VALUES
(321, 7, 259, '2015-10-26 09:21:49', '2015-10-26 09:21:49'),
(322, 8, 259, '2015-10-26 09:21:49', '2015-10-26 09:21:49'),
(323, 5, 260, '2015-10-26 09:21:49', '2015-10-26 09:21:49'),
(324, 12, 261, '2015-10-26 09:21:49', '2015-10-26 09:21:49'),
(325, 13, 262, '2015-10-26 09:21:49', '2015-10-26 09:21:49'),
(326, 7, 263, '2015-10-26 09:21:49', '2015-10-26 09:21:49'),
(327, 8, 263, '2015-10-26 09:21:49', '2015-10-26 09:21:49'),
(328, 5, 264, '2015-10-26 09:21:49', '2015-10-26 09:21:49'),
(329, 12, 265, '2015-10-26 09:21:49', '2015-10-26 09:21:49'),
(330, 13, 266, '2015-10-26 09:21:49', '2015-10-26 09:21:49'),
(331, 7, 267, '2015-10-26 09:21:49', '2015-10-26 09:21:49'),
(332, 8, 267, '2015-10-26 09:21:49', '2015-10-26 09:21:49'),
(333, 5, 268, '2015-10-26 09:21:49', '2015-10-26 09:21:49'),
(334, 12, 269, '2015-10-26 09:21:49', '2015-10-26 09:21:49'),
(335, 13, 270, '2015-10-26 09:21:49', '2015-10-26 09:21:49'),
(336, 7, 271, '2015-10-26 09:21:49', '2015-10-26 09:21:49'),
(337, 8, 271, '2015-10-26 09:21:50', '2015-10-26 09:21:50'),
(338, 5, 272, '2015-10-26 09:21:50', '2015-10-26 09:21:50'),
(339, 12, 273, '2015-10-26 09:21:50', '2015-10-26 09:21:50'),
(340, 13, 274, '2015-10-26 09:21:50', '2015-10-26 09:21:50'),
(341, 7, 275, '2015-10-26 09:21:50', '2015-10-26 09:21:50'),
(342, 8, 275, '2015-10-26 09:21:50', '2015-10-26 09:21:50'),
(343, 5, 276, '2015-10-26 09:21:50', '2015-10-26 09:21:50'),
(344, 12, 277, '2015-10-26 09:21:50', '2015-10-26 09:21:50'),
(345, 13, 278, '2015-10-26 09:21:50', '2015-10-26 09:21:50'),
(346, 7, 279, '2015-10-26 09:21:50', '2015-10-26 09:21:50'),
(347, 8, 279, '2015-10-26 09:21:50', '2015-10-26 09:21:50'),
(348, 5, 280, '2015-10-26 09:21:50', '2015-10-26 09:21:50'),
(349, 12, 281, '2015-10-26 09:21:51', '2015-10-26 09:21:51'),
(350, 13, 282, '2015-10-26 09:21:51', '2015-10-26 09:21:51'),
(351, 7, 283, '2015-10-26 09:21:51', '2015-10-26 09:21:51'),
(352, 8, 283, '2015-10-26 09:21:51', '2015-10-26 09:21:51'),
(353, 5, 284, '2015-10-26 09:21:51', '2015-10-26 09:21:51'),
(354, 12, 285, '2015-10-26 09:21:51', '2015-10-26 09:21:51'),
(355, 13, 286, '2015-10-26 09:21:51', '2015-10-26 09:21:51'),
(356, 7, 287, '2015-10-26 09:21:51', '2015-10-26 09:21:51'),
(357, 8, 287, '2015-10-26 09:21:51', '2015-10-26 09:21:51'),
(358, 5, 288, '2015-10-26 09:21:51', '2015-10-26 09:21:51'),
(359, 12, 289, '2015-10-26 09:21:51', '2015-10-26 09:21:51'),
(360, 13, 290, '2015-10-26 09:21:51', '2015-10-26 09:21:51'),
(361, 7, 291, '2015-10-26 09:21:52', '2015-10-26 09:21:52'),
(362, 8, 291, '2015-10-26 09:21:52', '2015-10-26 09:21:52'),
(363, 5, 292, '2015-10-26 09:21:52', '2015-10-26 09:21:52'),
(364, 12, 293, '2015-10-26 09:21:52', '2015-10-26 09:21:52'),
(365, 13, 294, '2015-10-26 09:21:52', '2015-10-26 09:21:52'),
(366, 7, 295, '2015-10-26 09:21:52', '2015-10-26 09:21:52'),
(367, 8, 295, '2015-10-26 09:21:52', '2015-10-26 09:21:52'),
(368, 5, 296, '2015-10-26 09:21:52', '2015-10-26 09:21:52'),
(369, 12, 297, '2015-10-26 09:21:52', '2015-10-26 09:21:52'),
(370, 13, 298, '2015-10-26 09:21:52', '2015-10-26 09:21:52'),
(371, 7, 299, '2015-10-26 09:21:52', '2015-10-26 09:21:52'),
(372, 8, 299, '2015-10-26 09:21:52', '2015-10-26 09:21:52'),
(373, 5, 300, '2015-10-26 09:21:52', '2015-10-26 09:21:52'),
(374, 12, 301, '2015-10-26 09:21:52', '2015-10-26 09:21:52'),
(375, 13, 302, '2015-10-26 09:21:52', '2015-10-26 09:21:52'),
(376, 7, 303, '2015-10-26 09:21:53', '2015-10-26 09:21:53'),
(377, 8, 303, '2015-10-26 09:21:53', '2015-10-26 09:21:53'),
(378, 5, 304, '2015-10-26 09:21:53', '2015-10-26 09:21:53'),
(379, 12, 305, '2015-10-26 09:21:53', '2015-10-26 09:21:53'),
(380, 13, 306, '2015-10-26 09:21:53', '2015-10-26 09:21:53'),
(381, 7, 307, '2015-10-26 09:21:53', '2015-10-26 09:21:53'),
(382, 8, 307, '2015-10-26 09:21:53', '2015-10-26 09:21:53'),
(383, 5, 308, '2015-10-26 09:21:53', '2015-10-26 09:21:53'),
(384, 12, 309, '2015-10-26 09:21:53', '2015-10-26 09:21:53'),
(385, 13, 310, '2015-10-26 09:21:53', '2015-10-26 09:21:53'),
(386, 7, 311, '2015-10-26 09:21:53', '2015-10-26 09:21:53'),
(387, 8, 311, '2015-10-26 09:21:53', '2015-10-26 09:21:53'),
(388, 5, 312, '2015-10-26 09:21:53', '2015-10-26 09:21:53'),
(389, 12, 313, '2015-10-26 09:21:53', '2015-10-26 09:21:53'),
(390, 13, 314, '2015-10-26 09:21:53', '2015-10-26 09:21:53'),
(391, 7, 315, '2015-10-26 09:21:54', '2015-10-26 09:21:54'),
(392, 8, 315, '2015-10-26 09:21:54', '2015-10-26 09:21:54'),
(393, 5, 316, '2015-10-26 09:21:54', '2015-10-26 09:21:54'),
(394, 12, 317, '2015-10-26 09:21:54', '2015-10-26 09:21:54'),
(395, 13, 318, '2015-10-26 09:21:54', '2015-10-26 09:21:54'),
(396, 7, 319, '2015-10-26 09:21:54', '2015-10-26 09:21:54'),
(397, 8, 319, '2015-10-26 09:21:54', '2015-10-26 09:21:54'),
(398, 5, 320, '2015-10-26 09:21:54', '2015-10-26 09:21:54'),
(399, 12, 321, '2015-10-26 09:21:54', '2015-10-26 09:21:54'),
(400, 13, 322, '2015-10-26 09:21:54', '2015-10-26 09:21:54'),
(401, 7, 323, '2015-10-26 09:21:54', '2015-10-26 09:21:54'),
(402, 8, 323, '2015-10-26 09:21:54', '2015-10-26 09:21:54'),
(403, 5, 324, '2015-10-26 09:21:54', '2015-10-26 09:21:54'),
(404, 12, 325, '2015-10-26 09:21:54', '2015-10-26 09:21:54'),
(405, 13, 326, '2015-10-26 09:21:54', '2015-10-26 09:21:54'),
(406, 7, 327, '2015-10-26 09:21:54', '2015-10-26 09:21:54'),
(407, 8, 327, '2015-10-26 09:21:54', '2015-10-26 09:21:54'),
(408, 5, 328, '2015-10-26 09:21:55', '2015-10-26 09:21:55'),
(409, 12, 329, '2015-10-26 09:21:55', '2015-10-26 09:21:55'),
(410, 13, 330, '2015-10-26 09:21:55', '2015-10-26 09:21:55'),
(411, 7, 331, '2015-10-26 09:21:55', '2015-10-26 09:21:55'),
(412, 8, 331, '2015-10-26 09:21:55', '2015-10-26 09:21:55'),
(413, 5, 332, '2015-10-26 09:21:55', '2015-10-26 09:21:55'),
(414, 12, 333, '2015-10-26 09:21:55', '2015-10-26 09:21:55'),
(415, 13, 334, '2015-10-26 09:21:55', '2015-10-26 09:21:55'),
(416, 7, 335, '2015-10-26 09:21:55', '2015-10-26 09:21:55'),
(417, 8, 335, '2015-10-26 09:21:55', '2015-10-26 09:21:55'),
(418, 5, 336, '2015-10-26 09:21:55', '2015-10-26 09:21:55'),
(419, 12, 337, '2015-10-26 09:21:55', '2015-10-26 09:21:55'),
(420, 13, 338, '2015-10-26 09:21:55', '2015-10-26 09:21:55'),
(421, 7, 339, '2015-10-26 09:21:55', '2015-10-26 09:21:55'),
(422, 8, 339, '2015-10-26 09:21:55', '2015-10-26 09:21:55'),
(423, 5, 340, '2015-10-26 09:21:56', '2015-10-26 09:21:56'),
(424, 12, 341, '2015-10-26 09:21:56', '2015-10-26 09:21:56'),
(425, 13, 342, '2015-10-26 09:21:56', '2015-10-26 09:21:56'),
(426, 7, 343, '2015-10-26 09:21:56', '2015-10-26 09:21:56'),
(427, 8, 343, '2015-10-26 09:21:56', '2015-10-26 09:21:56'),
(428, 5, 344, '2015-10-26 09:21:56', '2015-10-26 09:21:56'),
(429, 12, 345, '2015-10-26 09:21:56', '2015-10-26 09:21:56'),
(430, 13, 346, '2015-10-26 09:21:56', '2015-10-26 09:21:56'),
(431, 7, 347, '2015-10-26 09:21:56', '2015-10-26 09:21:56'),
(432, 8, 347, '2015-10-26 09:21:56', '2015-10-26 09:21:56'),
(433, 5, 348, '2015-10-26 09:21:56', '2015-10-26 09:21:56'),
(434, 12, 349, '2015-10-26 09:21:56', '2015-10-26 09:21:56'),
(435, 13, 350, '2015-10-26 09:21:56', '2015-10-26 09:21:56'),
(436, 7, 351, '2015-10-26 09:21:56', '2015-10-26 09:21:56'),
(437, 8, 351, '2015-10-26 09:21:56', '2015-10-26 09:21:56'),
(438, 5, 352, '2015-10-26 09:21:56', '2015-10-26 09:21:56'),
(439, 12, 353, '2015-10-26 09:21:57', '2015-10-26 09:21:57'),
(440, 13, 354, '2015-10-26 09:21:57', '2015-10-26 09:21:57'),
(441, 7, 355, '2015-10-26 09:25:19', '2015-10-26 09:25:19'),
(442, 8, 355, '2015-10-26 09:25:19', '2015-10-26 09:25:19'),
(443, 5, 356, '2015-10-26 09:25:19', '2015-10-26 09:25:19'),
(444, 12, 357, '2015-10-26 09:25:19', '2015-10-26 09:25:19'),
(445, 13, 358, '2015-10-26 09:25:19', '2015-10-26 09:25:19'),
(446, 7, 359, '2015-10-26 09:25:20', '2015-10-26 09:25:20'),
(447, 8, 359, '2015-10-26 09:25:20', '2015-10-26 09:25:20'),
(448, 5, 360, '2015-10-26 09:25:20', '2015-10-26 09:25:20'),
(449, 12, 361, '2015-10-26 09:25:20', '2015-10-26 09:25:20'),
(450, 13, 362, '2015-10-26 09:25:20', '2015-10-26 09:25:20'),
(451, 7, 363, '2015-10-26 09:25:20', '2015-10-26 09:25:20'),
(452, 8, 363, '2015-10-26 09:25:20', '2015-10-26 09:25:20'),
(453, 5, 364, '2015-10-26 09:25:20', '2015-10-26 09:25:20'),
(454, 12, 365, '2015-10-26 09:25:20', '2015-10-26 09:25:20'),
(455, 13, 366, '2015-10-26 09:25:20', '2015-10-26 09:25:20'),
(456, 7, 367, '2015-10-26 09:25:20', '2015-10-26 09:25:20'),
(457, 8, 367, '2015-10-26 09:25:20', '2015-10-26 09:25:20'),
(458, 5, 368, '2015-10-26 09:25:20', '2015-10-26 09:25:20'),
(459, 12, 369, '2015-10-26 09:25:20', '2015-10-26 09:25:20'),
(460, 13, 370, '2015-10-26 09:25:20', '2015-10-26 09:25:20'),
(461, 7, 371, '2015-10-26 09:25:20', '2015-10-26 09:25:20'),
(462, 8, 371, '2015-10-26 09:25:21', '2015-10-26 09:25:21'),
(463, 5, 372, '2015-10-26 09:25:21', '2015-10-26 09:25:21'),
(464, 12, 373, '2015-10-26 09:25:21', '2015-10-26 09:25:21'),
(465, 13, 374, '2015-10-26 09:25:21', '2015-10-26 09:25:21'),
(466, 7, 375, '2015-10-26 09:25:21', '2015-10-26 09:25:21'),
(467, 8, 375, '2015-10-26 09:25:21', '2015-10-26 09:25:21'),
(468, 5, 376, '2015-10-26 09:25:21', '2015-10-26 09:25:21'),
(469, 12, 377, '2015-10-26 09:25:21', '2015-10-26 09:25:21'),
(470, 13, 378, '2015-10-26 09:25:21', '2015-10-26 09:25:21'),
(471, 7, 379, '2015-10-26 09:25:21', '2015-10-26 09:25:21'),
(472, 8, 379, '2015-10-26 09:25:21', '2015-10-26 09:25:21'),
(473, 5, 380, '2015-10-26 09:25:21', '2015-10-26 09:25:21'),
(474, 12, 381, '2015-10-26 09:25:21', '2015-10-26 09:25:21'),
(475, 13, 382, '2015-10-26 09:25:22', '2015-10-26 09:25:22'),
(476, 7, 383, '2015-10-26 09:25:22', '2015-10-26 09:25:22'),
(477, 8, 383, '2015-10-26 09:25:22', '2015-10-26 09:25:22'),
(478, 5, 384, '2015-10-26 09:25:22', '2015-10-26 09:25:22'),
(479, 12, 385, '2015-10-26 09:25:22', '2015-10-26 09:25:22'),
(480, 13, 386, '2015-10-26 09:25:22', '2015-10-26 09:25:22'),
(481, 7, 387, '2015-10-26 10:18:51', '2015-10-26 10:18:51'),
(482, 8, 387, '2015-10-26 10:18:51', '2015-10-26 10:18:51'),
(483, 5, 388, '2015-10-26 10:18:51', '2015-10-26 10:18:51'),
(484, 12, 389, '2015-10-26 10:18:51', '2015-10-26 10:18:51'),
(485, 13, 390, '2015-10-26 10:18:51', '2015-10-26 10:18:51'),
(486, 7, 391, '2015-10-26 10:18:51', '2015-10-26 10:18:51'),
(487, 8, 391, '2015-10-26 10:18:51', '2015-10-26 10:18:51'),
(488, 5, 392, '2015-10-26 10:18:51', '2015-10-26 10:18:51'),
(489, 12, 393, '2015-10-26 10:18:51', '2015-10-26 10:18:51'),
(490, 13, 394, '2015-10-26 10:18:51', '2015-10-26 10:18:51'),
(491, 7, 395, '2015-10-26 10:18:51', '2015-10-26 10:18:51'),
(492, 8, 395, '2015-10-26 10:18:51', '2015-10-26 10:18:51'),
(493, 5, 396, '2015-10-26 10:18:51', '2015-10-26 10:18:51'),
(494, 12, 397, '2015-10-26 10:18:52', '2015-10-26 10:18:52'),
(495, 13, 398, '2015-10-26 10:18:52', '2015-10-26 10:18:52'),
(496, 7, 399, '2015-10-26 10:18:52', '2015-10-26 10:18:52'),
(497, 8, 399, '2015-10-26 10:18:52', '2015-10-26 10:18:52'),
(498, 5, 400, '2015-10-26 10:18:52', '2015-10-26 10:18:52'),
(499, 12, 401, '2015-10-26 10:18:52', '2015-10-26 10:18:52'),
(500, 13, 402, '2015-10-26 10:18:52', '2015-10-26 10:18:52'),
(501, 7, 403, '2015-10-26 10:18:52', '2015-10-26 10:18:52'),
(502, 8, 403, '2015-10-26 10:18:52', '2015-10-26 10:18:52'),
(503, 5, 404, '2015-10-26 10:18:52', '2015-10-26 10:18:52'),
(504, 12, 405, '2015-10-26 10:18:52', '2015-10-26 10:18:52'),
(505, 13, 406, '2015-10-26 10:18:52', '2015-10-26 10:18:52'),
(506, 7, 407, '2015-10-26 10:18:52', '2015-10-26 10:18:52'),
(507, 8, 407, '2015-10-26 10:18:52', '2015-10-26 10:18:52'),
(508, 5, 408, '2015-10-26 10:18:52', '2015-10-26 10:18:52'),
(509, 12, 409, '2015-10-26 10:18:53', '2015-10-26 10:18:53'),
(510, 13, 410, '2015-10-26 10:18:53', '2015-10-26 10:18:53'),
(511, 7, 411, '2015-10-26 10:18:53', '2015-10-26 10:18:53'),
(512, 8, 411, '2015-10-26 10:18:53', '2015-10-26 10:18:53'),
(513, 5, 412, '2015-10-26 10:18:53', '2015-10-26 10:18:53'),
(514, 12, 413, '2015-10-26 10:18:53', '2015-10-26 10:18:53'),
(515, 13, 414, '2015-10-26 10:18:53', '2015-10-26 10:18:53'),
(516, 7, 415, '2015-10-26 10:18:53', '2015-10-26 10:18:53'),
(517, 8, 415, '2015-10-26 10:18:53', '2015-10-26 10:18:53'),
(518, 5, 416, '2015-10-26 10:18:53', '2015-10-26 10:18:53'),
(519, 12, 417, '2015-10-26 10:18:53', '2015-10-26 10:18:53'),
(520, 13, 418, '2015-10-26 10:18:53', '2015-10-26 10:18:53'),
(521, 7, 419, '2015-10-26 10:18:53', '2015-10-26 10:18:53'),
(522, 8, 419, '2015-10-26 10:18:54', '2015-10-26 10:18:54'),
(523, 5, 420, '2015-10-26 10:18:54', '2015-10-26 10:18:54'),
(524, 12, 421, '2015-10-26 10:18:54', '2015-10-26 10:18:54'),
(525, 13, 422, '2015-10-26 10:18:54', '2015-10-26 10:18:54'),
(526, 7, 423, '2015-10-26 10:18:54', '2015-10-26 10:18:54'),
(527, 8, 423, '2015-10-26 10:18:54', '2015-10-26 10:18:54'),
(528, 5, 424, '2015-10-26 10:18:54', '2015-10-26 10:18:54'),
(529, 12, 425, '2015-10-26 10:18:54', '2015-10-26 10:18:54'),
(530, 13, 426, '2015-10-26 10:18:54', '2015-10-26 10:18:54'),
(531, 7, 427, '2015-10-26 10:18:54', '2015-10-26 10:18:54'),
(532, 8, 427, '2015-10-26 10:18:54', '2015-10-26 10:18:54'),
(533, 5, 428, '2015-10-26 10:18:54', '2015-10-26 10:18:54'),
(534, 12, 429, '2015-10-26 10:18:54', '2015-10-26 10:18:54'),
(535, 13, 430, '2015-10-26 10:18:54', '2015-10-26 10:18:54'),
(536, 7, 431, '2015-10-26 10:18:55', '2015-10-26 10:18:55'),
(537, 8, 431, '2015-10-26 10:18:55', '2015-10-26 10:18:55'),
(538, 5, 432, '2015-10-26 10:18:55', '2015-10-26 10:18:55'),
(539, 12, 433, '2015-10-26 10:18:55', '2015-10-26 10:18:55'),
(540, 13, 434, '2015-10-26 10:18:55', '2015-10-26 10:18:55'),
(541, 7, 435, '2015-10-26 10:18:55', '2015-10-26 10:18:55'),
(542, 8, 435, '2015-10-26 10:18:55', '2015-10-26 10:18:55'),
(543, 5, 436, '2015-10-26 10:18:55', '2015-10-26 10:18:55'),
(544, 12, 437, '2015-10-26 10:18:55', '2015-10-26 10:18:55'),
(545, 13, 438, '2015-10-26 10:18:55', '2015-10-26 10:18:55'),
(546, 7, 439, '2015-10-26 10:18:55', '2015-10-26 10:18:55'),
(547, 8, 439, '2015-10-26 10:18:55', '2015-10-26 10:18:55'),
(548, 5, 440, '2015-10-26 10:18:55', '2015-10-26 10:18:55'),
(549, 12, 441, '2015-10-26 10:18:55', '2015-10-26 10:18:55'),
(550, 13, 442, '2015-10-26 10:18:55', '2015-10-26 10:18:55'),
(551, 7, 443, '2015-10-26 10:18:56', '2015-10-26 10:18:56'),
(552, 8, 443, '2015-10-26 10:18:56', '2015-10-26 10:18:56'),
(553, 5, 444, '2015-10-26 10:18:56', '2015-10-26 10:18:56'),
(554, 12, 445, '2015-10-26 10:18:56', '2015-10-26 10:18:56'),
(555, 13, 446, '2015-10-26 10:18:56', '2015-10-26 10:18:56'),
(556, 7, 447, '2015-10-26 10:18:56', '2015-10-26 10:18:56'),
(557, 8, 447, '2015-10-26 10:18:56', '2015-10-26 10:18:56'),
(558, 5, 448, '2015-10-26 10:18:56', '2015-10-26 10:18:56'),
(559, 12, 449, '2015-10-26 10:18:56', '2015-10-26 10:18:56'),
(560, 13, 450, '2015-10-26 10:18:56', '2015-10-26 10:18:56'),
(561, 7, 451, '2015-10-26 10:18:56', '2015-10-26 10:18:56'),
(562, 8, 451, '2015-10-26 10:18:56', '2015-10-26 10:18:56'),
(563, 5, 452, '2015-10-26 10:18:56', '2015-10-26 10:18:56'),
(564, 12, 453, '2015-10-26 10:18:56', '2015-10-26 10:18:56'),
(565, 13, 454, '2015-10-26 10:18:57', '2015-10-26 10:18:57'),
(566, 7, 455, '2015-10-26 10:18:57', '2015-10-26 10:18:57'),
(567, 8, 455, '2015-10-26 10:18:57', '2015-10-26 10:18:57'),
(568, 5, 456, '2015-10-26 10:18:57', '2015-10-26 10:18:57'),
(569, 12, 457, '2015-10-26 10:18:57', '2015-10-26 10:18:57'),
(570, 13, 458, '2015-10-26 10:18:57', '2015-10-26 10:18:57'),
(571, 7, 459, '2015-10-26 10:18:57', '2015-10-26 10:18:57'),
(572, 8, 459, '2015-10-26 10:18:57', '2015-10-26 10:18:57'),
(573, 5, 460, '2015-10-26 10:18:57', '2015-10-26 10:18:57'),
(574, 12, 461, '2015-10-26 10:18:57', '2015-10-26 10:18:57'),
(575, 13, 462, '2015-10-26 10:18:57', '2015-10-26 10:18:57'),
(576, 7, 463, '2015-10-26 10:18:57', '2015-10-26 10:18:57'),
(577, 8, 463, '2015-10-26 10:18:57', '2015-10-26 10:18:57'),
(578, 5, 464, '2015-10-26 10:18:57', '2015-10-26 10:18:57'),
(579, 12, 465, '2015-10-26 10:18:57', '2015-10-26 10:18:57'),
(580, 13, 466, '2015-10-26 10:18:58', '2015-10-26 10:18:58'),
(581, 7, 467, '2015-10-26 10:18:58', '2015-10-26 10:18:58'),
(582, 8, 467, '2015-10-26 10:18:58', '2015-10-26 10:18:58'),
(583, 5, 468, '2015-10-26 10:18:58', '2015-10-26 10:18:58'),
(584, 12, 469, '2015-10-26 10:18:58', '2015-10-26 10:18:58'),
(585, 13, 470, '2015-10-26 10:18:58', '2015-10-26 10:18:58'),
(586, 7, 471, '2015-10-26 10:18:58', '2015-10-26 10:18:58'),
(587, 8, 471, '2015-10-26 10:18:58', '2015-10-26 10:18:58'),
(588, 5, 472, '2015-10-26 10:18:58', '2015-10-26 10:18:58'),
(589, 12, 473, '2015-10-26 10:18:58', '2015-10-26 10:18:58'),
(590, 13, 474, '2015-10-26 10:18:58', '2015-10-26 10:18:58'),
(591, 7, 475, '2015-10-26 10:18:58', '2015-10-26 10:18:58'),
(592, 8, 475, '2015-10-26 10:18:58', '2015-10-26 10:18:58'),
(593, 5, 476, '2015-10-26 10:18:58', '2015-10-26 10:18:58'),
(594, 12, 477, '2015-10-26 10:18:58', '2015-10-26 10:18:58'),
(595, 13, 478, '2015-10-26 10:18:59', '2015-10-26 10:18:59'),
(596, 7, 479, '2015-10-26 10:18:59', '2015-10-26 10:18:59'),
(597, 8, 479, '2015-10-26 10:18:59', '2015-10-26 10:18:59'),
(598, 5, 480, '2015-10-26 10:18:59', '2015-10-26 10:18:59'),
(599, 12, 481, '2015-10-26 10:18:59', '2015-10-26 10:18:59'),
(600, 13, 482, '2015-10-26 10:18:59', '2015-10-26 10:18:59'),
(601, 7, 483, '2015-10-26 10:18:59', '2015-10-26 10:18:59'),
(602, 8, 483, '2015-10-26 10:18:59', '2015-10-26 10:18:59'),
(603, 5, 484, '2015-10-26 10:18:59', '2015-10-26 10:18:59'),
(604, 12, 485, '2015-10-26 10:18:59', '2015-10-26 10:18:59'),
(605, 13, 486, '2015-10-26 10:18:59', '2015-10-26 10:18:59'),
(606, 7, 487, '2015-10-26 10:18:59', '2015-10-26 10:18:59'),
(607, 8, 487, '2015-10-26 10:18:59', '2015-10-26 10:18:59'),
(608, 5, 488, '2015-10-26 10:18:59', '2015-10-26 10:18:59'),
(609, 12, 489, '2015-10-26 10:19:00', '2015-10-26 10:19:00'),
(610, 13, 490, '2015-10-26 10:19:00', '2015-10-26 10:19:00'),
(611, 7, 491, '2015-10-26 10:19:00', '2015-10-26 10:19:00'),
(612, 8, 491, '2015-10-26 10:19:00', '2015-10-26 10:19:00'),
(613, 5, 492, '2015-10-26 10:19:00', '2015-10-26 10:19:00'),
(614, 12, 493, '2015-10-26 10:19:00', '2015-10-26 10:19:00'),
(615, 13, 494, '2015-10-26 10:19:00', '2015-10-26 10:19:00'),
(616, 7, 495, '2015-10-26 10:19:00', '2015-10-26 10:19:00'),
(617, 8, 495, '2015-10-26 10:19:00', '2015-10-26 10:19:00'),
(618, 5, 496, '2015-10-26 10:19:00', '2015-10-26 10:19:00'),
(619, 12, 497, '2015-10-26 10:19:00', '2015-10-26 10:19:00'),
(620, 13, 498, '2015-10-26 10:19:00', '2015-10-26 10:19:00'),
(621, 7, 499, '2015-10-26 10:19:00', '2015-10-26 10:19:00'),
(622, 8, 499, '2015-10-26 10:19:00', '2015-10-26 10:19:00'),
(623, 5, 500, '2015-10-26 10:19:00', '2015-10-26 10:19:00'),
(624, 12, 501, '2015-10-26 10:19:01', '2015-10-26 10:19:01'),
(625, 13, 502, '2015-10-26 10:19:01', '2015-10-26 10:19:01'),
(626, 7, 503, '2015-10-26 10:19:01', '2015-10-26 10:19:01'),
(627, 8, 503, '2015-10-26 10:19:01', '2015-10-26 10:19:01'),
(628, 5, 504, '2015-10-26 10:19:01', '2015-10-26 10:19:01'),
(629, 12, 505, '2015-10-26 10:19:01', '2015-10-26 10:19:01'),
(630, 13, 506, '2015-10-26 10:19:01', '2015-10-26 10:19:01'),
(631, 7, 507, '2015-10-26 10:19:01', '2015-10-26 10:19:01'),
(632, 8, 507, '2015-10-26 10:19:01', '2015-10-26 10:19:01'),
(633, 5, 508, '2015-10-26 10:19:01', '2015-10-26 10:19:01'),
(634, 12, 509, '2015-10-26 10:19:01', '2015-10-26 10:19:01'),
(635, 13, 510, '2015-10-26 10:19:01', '2015-10-26 10:19:01'),
(636, 7, 511, '2015-10-26 10:19:01', '2015-10-26 10:19:01'),
(637, 8, 511, '2015-10-26 10:19:01', '2015-10-26 10:19:01'),
(638, 5, 512, '2015-10-26 10:19:01', '2015-10-26 10:19:01'),
(639, 12, 513, '2015-10-26 10:19:02', '2015-10-26 10:19:02'),
(640, 13, 514, '2015-10-26 10:19:02', '2015-10-26 10:19:02'),
(641, 7, 515, '2015-10-28 13:50:48', '2015-10-28 13:50:48'),
(642, 8, 515, '2015-10-28 13:50:48', '2015-10-28 13:50:48'),
(643, 16, 515, '2015-10-28 13:50:48', '2015-10-28 13:50:48'),
(644, 20, 515, '2015-10-28 13:50:48', '2015-10-28 13:50:48'),
(645, 21, 515, '2015-10-28 13:50:48', '2015-10-28 13:50:48'),
(646, 5, 516, '2015-10-28 13:50:48', '2015-10-28 13:50:48'),
(647, 12, 517, '2015-10-28 13:50:48', '2015-10-28 13:50:48'),
(648, 13, 518, '2015-10-28 13:50:48', '2015-10-28 13:50:48'),
(649, 17, 519, '2015-10-28 13:50:48', '2015-10-28 13:50:48'),
(650, 18, 520, '2015-10-28 13:50:48', '2015-10-28 13:50:48'),
(651, 19, 521, '2015-10-28 13:50:48', '2015-10-28 13:50:48'),
(652, 7, 522, '2015-10-28 13:50:48', '2015-10-28 13:50:48'),
(653, 8, 522, '2015-10-28 13:50:48', '2015-10-28 13:50:48'),
(654, 16, 522, '2015-10-28 13:50:48', '2015-10-28 13:50:48'),
(655, 20, 522, '2015-10-28 13:50:48', '2015-10-28 13:50:48'),
(656, 21, 522, '2015-10-28 13:50:48', '2015-10-28 13:50:48'),
(657, 5, 523, '2015-10-28 13:50:48', '2015-10-28 13:50:48'),
(658, 12, 524, '2015-10-28 13:50:48', '2015-10-28 13:50:48'),
(659, 13, 525, '2015-10-28 13:50:48', '2015-10-28 13:50:48'),
(660, 17, 526, '2015-10-28 13:50:49', '2015-10-28 13:50:49'),
(661, 18, 527, '2015-10-28 13:50:49', '2015-10-28 13:50:49'),
(662, 19, 528, '2015-10-28 13:50:49', '2015-10-28 13:50:49'),
(663, 7, 529, '2015-10-28 13:50:49', '2015-10-28 13:50:49'),
(664, 8, 529, '2015-10-28 13:50:49', '2015-10-28 13:50:49'),
(665, 16, 529, '2015-10-28 13:50:49', '2015-10-28 13:50:49'),
(666, 20, 529, '2015-10-28 13:50:49', '2015-10-28 13:50:49'),
(667, 21, 529, '2015-10-28 13:50:49', '2015-10-28 13:50:49'),
(668, 5, 530, '2015-10-28 13:50:49', '2015-10-28 13:50:49'),
(669, 12, 531, '2015-10-28 13:50:49', '2015-10-28 13:50:49'),
(670, 13, 532, '2015-10-28 13:50:49', '2015-10-28 13:50:49'),
(671, 17, 533, '2015-10-28 13:50:49', '2015-10-28 13:50:49'),
(672, 18, 534, '2015-10-28 13:50:49', '2015-10-28 13:50:49'),
(673, 19, 535, '2015-10-28 13:50:49', '2015-10-28 13:50:49'),
(674, 7, 536, '2015-10-28 13:50:49', '2015-10-28 13:50:49'),
(675, 8, 536, '2015-10-28 13:50:49', '2015-10-28 13:50:49'),
(676, 16, 536, '2015-10-28 13:50:50', '2015-10-28 13:50:50'),
(677, 20, 536, '2015-10-28 13:50:50', '2015-10-28 13:50:50'),
(678, 21, 536, '2015-10-28 13:50:50', '2015-10-28 13:50:50'),
(679, 5, 537, '2015-10-28 13:50:50', '2015-10-28 13:50:50'),
(680, 12, 538, '2015-10-28 13:50:50', '2015-10-28 13:50:50'),
(681, 13, 539, '2015-10-28 13:50:50', '2015-10-28 13:50:50'),
(682, 17, 540, '2015-10-28 13:50:50', '2015-10-28 13:50:50'),
(683, 18, 541, '2015-10-28 13:50:50', '2015-10-28 13:50:50'),
(684, 19, 542, '2015-10-28 13:50:50', '2015-10-28 13:50:50'),
(685, 7, 543, '2015-10-28 13:50:50', '2015-10-28 13:50:50'),
(686, 8, 543, '2015-10-28 13:50:50', '2015-10-28 13:50:50'),
(687, 16, 543, '2015-10-28 13:50:50', '2015-10-28 13:50:50'),
(688, 20, 543, '2015-10-28 13:50:50', '2015-10-28 13:50:50'),
(689, 21, 543, '2015-10-28 13:50:50', '2015-10-28 13:50:50'),
(690, 5, 544, '2015-10-28 13:50:50', '2015-10-28 13:50:50'),
(691, 12, 545, '2015-10-28 13:50:50', '2015-10-28 13:50:50'),
(692, 13, 546, '2015-10-28 13:50:50', '2015-10-28 13:50:50'),
(693, 17, 547, '2015-10-28 13:50:51', '2015-10-28 13:50:51'),
(694, 18, 548, '2015-10-28 13:50:51', '2015-10-28 13:50:51'),
(695, 19, 549, '2015-10-28 13:50:51', '2015-10-28 13:50:51'),
(696, 7, 550, '2015-10-28 13:50:51', '2015-10-28 13:50:51'),
(697, 8, 550, '2015-10-28 13:50:51', '2015-10-28 13:50:51'),
(698, 16, 550, '2015-10-28 13:50:51', '2015-10-28 13:50:51'),
(699, 20, 550, '2015-10-28 13:50:51', '2015-10-28 13:50:51'),
(700, 21, 550, '2015-10-28 13:50:51', '2015-10-28 13:50:51'),
(701, 5, 551, '2015-10-28 13:50:51', '2015-10-28 13:50:51'),
(702, 12, 552, '2015-10-28 13:50:51', '2015-10-28 13:50:51'),
(703, 13, 553, '2015-10-28 13:50:51', '2015-10-28 13:50:51'),
(704, 17, 554, '2015-10-28 13:50:51', '2015-10-28 13:50:51'),
(705, 18, 555, '2015-10-28 13:50:51', '2015-10-28 13:50:51'),
(706, 19, 556, '2015-10-28 13:50:51', '2015-10-28 13:50:51'),
(707, 7, 557, '2015-10-28 13:50:51', '2015-10-28 13:50:51'),
(708, 8, 557, '2015-10-28 13:50:51', '2015-10-28 13:50:51'),
(709, 16, 557, '2015-10-28 13:50:51', '2015-10-28 13:50:51'),
(710, 20, 557, '2015-10-28 13:50:51', '2015-10-28 13:50:51'),
(711, 21, 557, '2015-10-28 13:50:52', '2015-10-28 13:50:52'),
(712, 5, 558, '2015-10-28 13:50:52', '2015-10-28 13:50:52'),
(713, 12, 559, '2015-10-28 13:50:52', '2015-10-28 13:50:52'),
(714, 13, 560, '2015-10-28 13:50:52', '2015-10-28 13:50:52'),
(715, 17, 561, '2015-10-28 13:50:52', '2015-10-28 13:50:52'),
(716, 18, 562, '2015-10-28 13:50:52', '2015-10-28 13:50:52'),
(717, 19, 563, '2015-10-28 13:50:52', '2015-10-28 13:50:52'),
(718, 7, 564, '2015-10-28 13:50:52', '2015-10-28 13:50:52'),
(719, 8, 564, '2015-10-28 13:50:52', '2015-10-28 13:50:52'),
(720, 16, 564, '2015-10-28 13:50:52', '2015-10-28 13:50:52'),
(721, 20, 564, '2015-10-28 13:50:52', '2015-10-28 13:50:52'),
(722, 21, 564, '2015-10-28 13:50:52', '2015-10-28 13:50:52'),
(723, 5, 565, '2015-10-28 13:50:52', '2015-10-28 13:50:52'),
(724, 12, 566, '2015-10-28 13:50:52', '2015-10-28 13:50:52'),
(725, 13, 567, '2015-10-28 13:50:52', '2015-10-28 13:50:52'),
(726, 17, 568, '2015-10-28 13:50:52', '2015-10-28 13:50:52'),
(727, 18, 569, '2015-10-28 13:50:53', '2015-10-28 13:50:53'),
(728, 19, 570, '2015-10-28 13:50:53', '2015-10-28 13:50:53'),
(729, 7, 571, '2015-10-28 13:50:53', '2015-10-28 13:50:53'),
(730, 8, 571, '2015-10-28 13:50:53', '2015-10-28 13:50:53'),
(731, 16, 571, '2015-10-28 13:50:53', '2015-10-28 13:50:53'),
(732, 20, 571, '2015-10-28 13:50:53', '2015-10-28 13:50:53'),
(733, 21, 571, '2015-10-28 13:50:53', '2015-10-28 13:50:53'),
(734, 5, 572, '2015-10-28 13:50:53', '2015-10-28 13:50:53'),
(735, 12, 573, '2015-10-28 13:50:53', '2015-10-28 13:50:53'),
(736, 13, 574, '2015-10-28 13:50:53', '2015-10-28 13:50:53'),
(737, 17, 575, '2015-10-28 13:50:53', '2015-10-28 13:50:53'),
(738, 18, 576, '2015-10-28 13:50:53', '2015-10-28 13:50:53'),
(739, 19, 577, '2015-10-28 13:50:53', '2015-10-28 13:50:53'),
(740, 7, 578, '2015-10-28 13:50:53', '2015-10-28 13:50:53'),
(741, 8, 578, '2015-10-28 13:50:53', '2015-10-28 13:50:53'),
(742, 16, 578, '2015-10-28 13:50:53', '2015-10-28 13:50:53'),
(743, 20, 578, '2015-10-28 13:50:53', '2015-10-28 13:50:53'),
(744, 21, 578, '2015-10-28 13:50:53', '2015-10-28 13:50:53'),
(745, 5, 579, '2015-10-28 13:50:53', '2015-10-28 13:50:53'),
(746, 12, 580, '2015-10-28 13:50:53', '2015-10-28 13:50:53'),
(747, 13, 581, '2015-10-28 13:50:54', '2015-10-28 13:50:54'),
(748, 17, 582, '2015-10-28 13:50:54', '2015-10-28 13:50:54'),
(749, 18, 583, '2015-10-28 13:50:54', '2015-10-28 13:50:54'),
(750, 19, 584, '2015-10-28 13:50:54', '2015-10-28 13:50:54'),
(751, 7, 585, '2015-10-28 13:50:54', '2015-10-28 13:50:54'),
(752, 8, 585, '2015-10-28 13:50:54', '2015-10-28 13:50:54'),
(753, 16, 585, '2015-10-28 13:50:54', '2015-10-28 13:50:54'),
(754, 20, 585, '2015-10-28 13:50:54', '2015-10-28 13:50:54'),
(755, 21, 585, '2015-10-28 13:50:54', '2015-10-28 13:50:54'),
(756, 5, 586, '2015-10-28 13:50:54', '2015-10-28 13:50:54'),
(757, 12, 587, '2015-10-28 13:50:54', '2015-10-28 13:50:54'),
(758, 13, 588, '2015-10-28 13:50:54', '2015-10-28 13:50:54'),
(759, 17, 589, '2015-10-28 13:50:54', '2015-10-28 13:50:54'),
(760, 18, 590, '2015-10-28 13:50:54', '2015-10-28 13:50:54'),
(761, 19, 591, '2015-10-28 13:50:54', '2015-10-28 13:50:54'),
(762, 7, 592, '2015-10-28 13:50:54', '2015-10-28 13:50:54'),
(763, 8, 592, '2015-10-28 13:50:54', '2015-10-28 13:50:54'),
(764, 16, 592, '2015-10-28 13:50:54', '2015-10-28 13:50:54'),
(765, 20, 592, '2015-10-28 13:50:55', '2015-10-28 13:50:55'),
(766, 21, 592, '2015-10-28 13:50:55', '2015-10-28 13:50:55'),
(767, 5, 593, '2015-10-28 13:50:55', '2015-10-28 13:50:55'),
(768, 12, 594, '2015-10-28 13:50:55', '2015-10-28 13:50:55'),
(769, 13, 595, '2015-10-28 13:50:55', '2015-10-28 13:50:55'),
(770, 17, 596, '2015-10-28 13:50:55', '2015-10-28 13:50:55'),
(771, 18, 597, '2015-10-28 13:50:55', '2015-10-28 13:50:55'),
(772, 19, 598, '2015-10-28 13:50:55', '2015-10-28 13:50:55'),
(773, 7, 599, '2015-10-28 13:50:55', '2015-10-28 13:50:55'),
(774, 8, 599, '2015-10-28 13:50:55', '2015-10-28 13:50:55'),
(775, 16, 599, '2015-10-28 13:50:55', '2015-10-28 13:50:55'),
(776, 20, 599, '2015-10-28 13:50:55', '2015-10-28 13:50:55'),
(777, 21, 599, '2015-10-28 13:50:55', '2015-10-28 13:50:55'),
(778, 5, 600, '2015-10-28 13:50:55', '2015-10-28 13:50:55'),
(779, 12, 601, '2015-10-28 13:50:55', '2015-10-28 13:50:55'),
(780, 13, 602, '2015-10-28 13:50:55', '2015-10-28 13:50:55'),
(781, 17, 603, '2015-10-28 13:50:55', '2015-10-28 13:50:55'),
(782, 18, 604, '2015-10-28 13:50:55', '2015-10-28 13:50:55'),
(783, 19, 605, '2015-10-28 13:50:56', '2015-10-28 13:50:56'),
(784, 7, 606, '2015-10-28 13:50:56', '2015-10-28 13:50:56'),
(785, 8, 606, '2015-10-28 13:50:56', '2015-10-28 13:50:56'),
(786, 16, 606, '2015-10-28 13:50:56', '2015-10-28 13:50:56'),
(787, 20, 606, '2015-10-28 13:50:56', '2015-10-28 13:50:56'),
(788, 21, 606, '2015-10-28 13:50:56', '2015-10-28 13:50:56'),
(789, 5, 607, '2015-10-28 13:50:56', '2015-10-28 13:50:56'),
(790, 12, 608, '2015-10-28 13:50:56', '2015-10-28 13:50:56'),
(791, 13, 609, '2015-10-28 13:50:56', '2015-10-28 13:50:56'),
(792, 17, 610, '2015-10-28 13:50:56', '2015-10-28 13:50:56'),
(793, 18, 611, '2015-10-28 13:50:56', '2015-10-28 13:50:56'),
(794, 19, 612, '2015-10-28 13:50:56', '2015-10-28 13:50:56'),
(795, 7, 613, '2015-10-28 13:50:56', '2015-10-28 13:50:56'),
(796, 8, 613, '2015-10-28 13:50:56', '2015-10-28 13:50:56'),
(797, 16, 613, '2015-10-28 13:50:56', '2015-10-28 13:50:56'),
(798, 20, 613, '2015-10-28 13:50:56', '2015-10-28 13:50:56'),
(799, 21, 613, '2015-10-28 13:50:56', '2015-10-28 13:50:56'),
(800, 5, 614, '2015-10-28 13:50:56', '2015-10-28 13:50:56'),
(801, 12, 615, '2015-10-28 13:50:56', '2015-10-28 13:50:56'),
(802, 13, 616, '2015-10-28 13:50:57', '2015-10-28 13:50:57'),
(803, 17, 617, '2015-10-28 13:50:57', '2015-10-28 13:50:57'),
(804, 18, 618, '2015-10-28 13:50:57', '2015-10-28 13:50:57'),
(805, 19, 619, '2015-10-28 13:50:57', '2015-10-28 13:50:57'),
(806, 7, 620, '2015-10-28 13:50:57', '2015-10-28 13:50:57'),
(807, 8, 620, '2015-10-28 13:50:57', '2015-10-28 13:50:57'),
(808, 16, 620, '2015-10-28 13:50:57', '2015-10-28 13:50:57'),
(809, 20, 620, '2015-10-28 13:50:57', '2015-10-28 13:50:57'),
(810, 21, 620, '2015-10-28 13:50:57', '2015-10-28 13:50:57'),
(811, 5, 621, '2015-10-28 13:50:57', '2015-10-28 13:50:57'),
(812, 12, 622, '2015-10-28 13:50:57', '2015-10-28 13:50:57'),
(813, 13, 623, '2015-10-28 13:50:57', '2015-10-28 13:50:57'),
(814, 17, 624, '2015-10-28 13:50:57', '2015-10-28 13:50:57'),
(815, 18, 625, '2015-10-28 13:50:57', '2015-10-28 13:50:57'),
(816, 19, 626, '2015-10-28 13:50:57', '2015-10-28 13:50:57');

-- --------------------------------------------------------

--
-- Table structure for table `users_exams`
--

DROP TABLE IF EXISTS `users_exams`;
CREATE TABLE IF NOT EXISTS `users_exams` (
  `id` int(11) unsigned NOT NULL AUTO_INCREMENT,
  `user_id` int(11) unsigned NOT NULL,
  `exam_id` int(11) unsigned NOT NULL,
  `created` datetime NOT NULL DEFAULT CURRENT_TIMESTAMP,
  `modified` datetime NOT NULL DEFAULT CURRENT_TIMESTAMP ON UPDATE CURRENT_TIMESTAMP,
  PRIMARY KEY (`id`)
) ENGINE=InnoDB  DEFAULT CHARSET=utf8 AUTO_INCREMENT=13 ;

--
-- Dumping data for table `users_exams`
--

INSERT INTO `users_exams` (`id`, `user_id`, `exam_id`, `created`, `modified`) VALUES
(1, 5, 1, '2015-10-15 14:44:35', '2015-10-15 14:44:35'),
(2, 5, 2, '2015-10-15 18:20:25', '2015-10-15 18:20:25'),
(3, 12, 1, '2015-10-23 13:14:48', '2015-10-23 13:14:48'),
(4, 13, 1, '2015-10-23 13:15:01', '2015-10-23 13:15:01'),
(5, 12, 2, '2015-10-23 13:15:10', '2015-10-23 13:15:10'),
(6, 13, 2, '2015-10-23 13:15:21', '2015-10-23 13:15:21'),
(7, 17, 3, '2015-10-28 13:28:08', '2015-10-28 13:28:08'),
(8, 12, 3, '2015-10-28 13:28:18', '2015-10-28 13:28:18'),
(9, 13, 4, '2015-10-28 13:30:52', '2015-10-28 13:30:52'),
(10, 18, 4, '2015-10-28 13:30:52', '2015-10-28 13:30:52'),
(11, 13, 5, '2015-10-28 13:34:20', '2015-10-28 13:34:20'),
(12, 19, 5, '2015-10-28 13:34:20', '2015-10-28 13:34:20');

-- --------------------------------------------------------

--
-- Table structure for table `users_medicalrecords`
--

DROP TABLE IF EXISTS `users_medicalrecords`;
CREATE TABLE IF NOT EXISTS `users_medicalrecords` (
  `id` int(11) unsigned NOT NULL AUTO_INCREMENT,
  `user_id` int(11) unsigned NOT NULL,
  `medicalrecord_id` int(11) unsigned NOT NULL,
  `created` datetime NOT NULL DEFAULT CURRENT_TIMESTAMP,
  `modified` datetime NOT NULL DEFAULT CURRENT_TIMESTAMP ON UPDATE CURRENT_TIMESTAMP,
  PRIMARY KEY (`id`)
) ENGINE=InnoDB  DEFAULT CHARSET=utf8 AUTO_INCREMENT=19 ;

--
-- Dumping data for table `users_medicalrecords`
--

INSERT INTO `users_medicalrecords` (`id`, `user_id`, `medicalrecord_id`, `created`, `modified`) VALUES
(5, 5, 1, '2015-10-19 10:36:23', '2015-10-19 10:36:23'),
(12, 5, 14, '2015-10-19 09:54:46', '2015-10-19 09:54:46'),
(13, 7, 1, '2015-10-27 09:57:24', '2015-10-27 09:57:24'),
(14, 12, 1, '2015-10-27 11:59:32', '2015-10-27 11:59:32'),
(18, 12, 18, '2015-10-27 11:26:52', '2015-10-27 11:26:52');

-- --------------------------------------------------------

--
-- Table structure for table `wards`
--

DROP TABLE IF EXISTS `wards`;
CREATE TABLE IF NOT EXISTS `wards` (
  `id` int(11) unsigned NOT NULL AUTO_INCREMENT,
  `name` varchar(255) NOT NULL,
  `created` datetime NOT NULL DEFAULT CURRENT_TIMESTAMP,
  `modified` datetime NOT NULL DEFAULT CURRENT_TIMESTAMP ON UPDATE CURRENT_TIMESTAMP,
  PRIMARY KEY (`id`),
  UNIQUE KEY `name` (`name`)
) ENGINE=InnoDB  DEFAULT CHARSET=utf8 AUTO_INCREMENT=21 ;

--
-- Dumping data for table `wards`
--

INSERT INTO `wards` (`id`, `name`, `created`, `modified`) VALUES
(1, 'Cardiologia', '2015-07-09 15:20:12', '2015-07-09 15:20:12'),
(2, 'Pediatria', '2015-07-09 15:20:12', '2015-07-09 15:20:12'),
(3, 'Oncologia', '2015-07-09 15:20:12', '2015-07-09 15:20:12'),
(4, 'Dermatologia', '2015-07-09 15:20:12', '2015-07-09 15:20:12'),
(5, 'Anestesia e Rianimazione', '2015-10-28 11:41:19', '2015-10-28 11:41:19'),
(6, 'Nefrologia', '2015-10-28 11:41:33', '2015-10-28 11:41:33'),
(7, 'Neonatologia', '2015-10-28 11:41:45', '2015-10-28 11:41:45'),
(8, 'Chirurgia Generale', '2015-10-28 11:42:08', '2015-10-28 11:42:08'),
(9, 'Urologia e Virologia', '2015-10-28 11:42:33', '2015-10-28 11:42:33'),
(10, 'Endocrinologia', '2015-10-28 11:42:48', '2015-10-28 11:42:48'),
(11, 'Lungodegenza', '2015-10-28 11:43:09', '2015-10-28 11:43:09'),
(12, 'Ostetricia e ginecologia', '2015-10-28 11:43:22', '2015-10-28 11:43:22'),
(13, 'Microbiologia', '2015-10-28 11:43:41', '2015-10-28 11:43:41'),
(14, 'Medicina nucleare', '2015-10-28 11:44:05', '2015-10-28 11:44:05'),
(15, 'Oculistica', '2015-10-28 11:44:44', '2015-10-28 11:44:44'),
(16, 'Ortopedia', '2015-10-28 11:44:54', '2015-10-28 11:44:54'),
(17, ' Radiologia ', '2015-10-28 11:45:06', '2015-10-28 11:45:06'),
(18, 'Medicina interna e reumatologia', '2015-10-28 11:45:26', '2015-10-28 11:45:26'),
(19, 'Trapiantologia', '2015-10-28 11:45:39', '2015-10-28 11:45:39'),
(20, 'Clinica', '2015-10-28 11:45:55', '2015-10-28 11:45:55');

-- --------------------------------------------------------

--
-- Table structure for table `warehouses`
--

DROP TABLE IF EXISTS `warehouses`;
CREATE TABLE IF NOT EXISTS `warehouses` (
  `id` int(11) unsigned NOT NULL AUTO_INCREMENT,
  `ward_id` int(11) unsigned NOT NULL,
  `created` datetime NOT NULL DEFAULT CURRENT_TIMESTAMP,
  `modified` datetime NOT NULL DEFAULT CURRENT_TIMESTAMP ON UPDATE CURRENT_TIMESTAMP,
  PRIMARY KEY (`id`),
  UNIQUE KEY `ward_id` (`ward_id`)
) ENGINE=InnoDB  DEFAULT CHARSET=utf8 AUTO_INCREMENT=16 ;

--
-- Dumping data for table `warehouses`
--

INSERT INTO `warehouses` (`id`, `ward_id`, `created`, `modified`) VALUES
(1, 1, '2015-07-15 15:40:53', '2015-07-15 15:41:05'),
(2, 5, '2015-10-28 11:46:30', '2015-10-28 11:46:30'),
(3, 13, '2015-10-28 11:46:39', '2015-10-28 11:46:39'),
(4, 15, '2015-10-28 11:46:47', '2015-10-28 11:46:47'),
(5, 7, '2015-10-28 11:46:54', '2015-10-28 11:46:54'),
(6, 19, '2015-10-28 11:47:02', '2015-10-28 11:47:02'),
(7, 4, '2015-10-28 11:47:10', '2015-10-28 11:47:10'),
(8, 8, '2015-10-28 11:48:19', '2015-10-28 11:48:19'),
(9, 2, '2015-10-28 11:48:50', '2015-10-28 11:48:50'),
(11, 11, '2015-10-28 11:52:53', '2015-10-28 11:52:53'),
(12, 6, '2015-10-28 11:54:18', '2015-10-28 11:54:18'),
(13, 18, '2015-10-28 11:54:29', '2015-10-28 11:54:29'),
(14, 12, '2015-10-28 11:54:39', '2015-10-28 11:54:39'),
(15, 3, '2015-10-28 11:55:13', '2015-10-28 11:55:13');

-- --------------------------------------------------------

--
-- Table structure for table `warehouses_articles`
--

DROP TABLE IF EXISTS `warehouses_articles`;
CREATE TABLE IF NOT EXISTS `warehouses_articles` (
  `id` int(11) unsigned NOT NULL AUTO_INCREMENT,
  `warehouse_id` int(11) unsigned NOT NULL,
  `article_id` int(11) unsigned NOT NULL,
  `articlequantity` varchar(255) NOT NULL,
  `created` datetime NOT NULL DEFAULT CURRENT_TIMESTAMP,
  `modified` datetime NOT NULL DEFAULT CURRENT_TIMESTAMP ON UPDATE CURRENT_TIMESTAMP,
  PRIMARY KEY (`id`),
  UNIQUE KEY `warehouse_id` (`warehouse_id`,`article_id`)
) ENGINE=InnoDB  DEFAULT CHARSET=utf8 AUTO_INCREMENT=8 ;

--
-- Dumping data for table `warehouses_articles`
--

INSERT INTO `warehouses_articles` (`id`, `warehouse_id`, `article_id`, `articlequantity`, `created`, `modified`) VALUES
(1, 1, 3, '10', '2015-07-15 15:41:05', '2015-10-15 11:24:53'),
(2, 1, 4, '', '2015-07-15 15:41:05', '2015-07-15 15:41:05'),
(3, 1, 6, '', '2015-07-15 15:41:05', '2015-07-15 15:41:05'),
(4, 1, 7, '', '2015-07-15 15:41:05', '2015-07-15 15:41:05'),
(5, 1, 8, '', '2015-07-15 15:41:05', '2015-07-15 15:41:05'),
(6, 1, 9, '4', '2015-10-15 18:24:16', '2015-10-15 18:24:16'),
(7, 1, 2, '25', '2015-10-19 14:16:34', '2015-10-20 08:35:37');

/*!40101 SET CHARACTER_SET_CLIENT=@OLD_CHARACTER_SET_CLIENT */;
/*!40101 SET CHARACTER_SET_RESULTS=@OLD_CHARACTER_SET_RESULTS */;
/*!40101 SET COLLATION_CONNECTION=@OLD_COLLATION_CONNECTION */;
